Sample	Mutation	Count	Frequency
Breast-AdenoCa_sim100	C>T	1105	0.207512
Breast-AdenoCa_sim100	C>G	446	0.083756
Breast-AdenoCa_sim100	T>A	219	0.041127
Breast-AdenoCa_sim100	G>A	1127	0.211643
Breast-AdenoCa_sim100	T>C	413	0.077559
Breast-AdenoCa_sim100	G>C	318	0.059718
Breast-AdenoCa_sim100	A>T	180	0.033803
Breast-AdenoCa_sim100	A>G	380	0.071362
Breast-AdenoCa_sim100	T>G	134	0.025164
Breast-AdenoCa_sim100	G>T	408	0.076620
Breast-AdenoCa_sim100	C>A	440	0.082629
Breast-AdenoCa_sim100	A>C	155	0.029108
Breast-AdenoCa_sim10	C>T	842	0.162642
Breast-AdenoCa_sim10	C>G	266	0.051381
Breast-AdenoCa_sim10	T>A	221	0.042689
Breast-AdenoCa_sim10	G>A	844	0.163029
Breast-AdenoCa_sim10	T>C	469	0.090593
Breast-AdenoCa_sim10	G>C	198	0.038246
Breast-AdenoCa_sim10	A>T	253	0.048870
Breast-AdenoCa_sim10	A>G	451	0.087116
Breast-AdenoCa_sim10	T>G	168	0.032451
Breast-AdenoCa_sim10	G>T	586	0.113193
Breast-AdenoCa_sim10	C>A	692	0.133668
Breast-AdenoCa_sim10	A>C	187	0.036121
Breast-AdenoCa_sim11	C>T	997	0.219121
Breast-AdenoCa_sim11	C>G	207	0.045495
Breast-AdenoCa_sim11	T>A	189	0.041538
Breast-AdenoCa_sim11	G>A	1034	0.227253
Breast-AdenoCa_sim11	T>C	487	0.107033
Breast-AdenoCa_sim11	G>C	165	0.036264
Breast-AdenoCa_sim11	A>T	201	0.044176
Breast-AdenoCa_sim11	A>G	488	0.107253
Breast-AdenoCa_sim11	T>G	189	0.041538
Breast-AdenoCa_sim11	G>T	181	0.039780
Breast-AdenoCa_sim11	C>A	278	0.061099
Breast-AdenoCa_sim11	A>C	134	0.029451
Breast-AdenoCa_sim12	C>T	581	0.213918
Breast-AdenoCa_sim12	C>G	227	0.083579
Breast-AdenoCa_sim12	T>A	114	0.041973
Breast-AdenoCa_sim12	G>A	572	0.210604
Breast-AdenoCa_sim12	T>C	245	0.090206
Breast-AdenoCa_sim12	G>C	192	0.070692
Breast-AdenoCa_sim12	A>T	110	0.040501
Breast-AdenoCa_sim12	A>G	232	0.085420
Breast-AdenoCa_sim12	T>G	79	0.029087
Breast-AdenoCa_sim12	G>T	137	0.050442
Breast-AdenoCa_sim12	C>A	141	0.051915
Breast-AdenoCa_sim12	A>C	86	0.031664
Breast-AdenoCa_sim13	C>T	608	0.257955
Breast-AdenoCa_sim13	C>G	104	0.044124
Breast-AdenoCa_sim13	T>A	100	0.042427
Breast-AdenoCa_sim13	G>A	565	0.239711
Breast-AdenoCa_sim13	T>C	182	0.077217
Breast-AdenoCa_sim13	G>C	90	0.038184
Breast-AdenoCa_sim13	A>T	63	0.026729
Breast-AdenoCa_sim13	A>G	197	0.083581
Breast-AdenoCa_sim13	T>G	52	0.022062
Breast-AdenoCa_sim13	G>T	141	0.059822
Breast-AdenoCa_sim13	C>A	194	0.082308
Breast-AdenoCa_sim13	A>C	61	0.025880
Breast-AdenoCa_sim14	C>T	688	0.123674
Breast-AdenoCa_sim14	C>G	259	0.046558
Breast-AdenoCa_sim14	T>A	595	0.106957
Breast-AdenoCa_sim14	G>A	700	0.125831
Breast-AdenoCa_sim14	T>C	457	0.082150
Breast-AdenoCa_sim14	G>C	187	0.033615
Breast-AdenoCa_sim14	A>T	502	0.090239
Breast-AdenoCa_sim14	A>G	423	0.076038
Breast-AdenoCa_sim14	T>G	157	0.028222
Breast-AdenoCa_sim14	G>T	691	0.124214
Breast-AdenoCa_sim14	C>A	697	0.125292
Breast-AdenoCa_sim14	A>C	207	0.037210
Breast-AdenoCa_sim15	C>T	927	0.210490
Breast-AdenoCa_sim15	C>G	269	0.061081
Breast-AdenoCa_sim15	T>A	197	0.044732
Breast-AdenoCa_sim15	G>A	931	0.211399
Breast-AdenoCa_sim15	T>C	359	0.081517
Breast-AdenoCa_sim15	G>C	212	0.048138
Breast-AdenoCa_sim15	A>T	186	0.042234
Breast-AdenoCa_sim15	A>G	380	0.086285
Breast-AdenoCa_sim15	T>G	137	0.031108
Breast-AdenoCa_sim15	G>T	311	0.070618
Breast-AdenoCa_sim15	C>A	351	0.079700
Breast-AdenoCa_sim15	A>C	144	0.032698
Breast-AdenoCa_sim16	C>T	562	0.220738
Breast-AdenoCa_sim16	C>G	190	0.074627
Breast-AdenoCa_sim16	T>A	129	0.050668
Breast-AdenoCa_sim16	G>A	534	0.209741
Breast-AdenoCa_sim16	T>C	248	0.097408
Breast-AdenoCa_sim16	G>C	154	0.060487
Breast-AdenoCa_sim16	A>T	107	0.042027
Breast-AdenoCa_sim16	A>G	215	0.084446
Breast-AdenoCa_sim16	T>G	91	0.035742
Breast-AdenoCa_sim16	G>T	111	0.043598
Breast-AdenoCa_sim16	C>A	132	0.051846
Breast-AdenoCa_sim16	A>C	73	0.028672
Breast-AdenoCa_sim17	C>T	804	0.105126
Breast-AdenoCa_sim17	C>G	455	0.059493
Breast-AdenoCa_sim17	T>A	688	0.089958
Breast-AdenoCa_sim17	G>A	886	0.115847
Breast-AdenoCa_sim17	T>C	628	0.082113
Breast-AdenoCa_sim17	G>C	393	0.051386
Breast-AdenoCa_sim17	A>T	645	0.084336
Breast-AdenoCa_sim17	A>G	615	0.080413
Breast-AdenoCa_sim17	T>G	257	0.033604
Breast-AdenoCa_sim17	G>T	981	0.128269
Breast-AdenoCa_sim17	C>A	936	0.122385
Breast-AdenoCa_sim17	A>C	360	0.047071
Breast-AdenoCa_sim18	C>T	1299	0.145857
Breast-AdenoCa_sim18	C>G	729	0.081855
Breast-AdenoCa_sim18	T>A	546	0.061307
Breast-AdenoCa_sim18	G>A	1273	0.142937
Breast-AdenoCa_sim18	T>C	813	0.091287
Breast-AdenoCa_sim18	G>C	716	0.080395
Breast-AdenoCa_sim18	A>T	540	0.060633
Breast-AdenoCa_sim18	A>G	744	0.083539
Breast-AdenoCa_sim18	T>G	383	0.043005
Breast-AdenoCa_sim18	G>T	663	0.074444
Breast-AdenoCa_sim18	C>A	754	0.084662
Breast-AdenoCa_sim18	A>C	446	0.050079
Breast-AdenoCa_sim19	C>T	789	0.187857
Breast-AdenoCa_sim19	C>G	203	0.048333
Breast-AdenoCa_sim19	T>A	218	0.051905
Breast-AdenoCa_sim19	G>A	792	0.188571
Breast-AdenoCa_sim19	T>C	487	0.115952
Breast-AdenoCa_sim19	G>C	171	0.040714
Breast-AdenoCa_sim19	A>T	215	0.051190
Breast-AdenoCa_sim19	A>G	523	0.124524
Breast-AdenoCa_sim19	T>G	188	0.044762
Breast-AdenoCa_sim19	G>T	186	0.044286
Breast-AdenoCa_sim19	C>A	262	0.062381
Breast-AdenoCa_sim19	A>C	166	0.039524
Breast-AdenoCa_sim1	C>T	513	0.198529
Breast-AdenoCa_sim1	C>G	229	0.088622
Breast-AdenoCa_sim1	T>A	105	0.040635
Breast-AdenoCa_sim1	G>A	519	0.200851
Breast-AdenoCa_sim1	T>C	250	0.096749
Breast-AdenoCa_sim1	G>C	165	0.063854
Breast-AdenoCa_sim1	A>T	115	0.044505
Breast-AdenoCa_sim1	A>G	271	0.104876
Breast-AdenoCa_sim1	T>G	83	0.032121
Breast-AdenoCa_sim1	G>T	119	0.046053
Breast-AdenoCa_sim1	C>A	134	0.051858
Breast-AdenoCa_sim1	A>C	81	0.031347
Breast-AdenoCa_sim20	C>T	835	0.193780
Breast-AdenoCa_sim20	C>G	189	0.043862
Breast-AdenoCa_sim20	T>A	185	0.042933
Breast-AdenoCa_sim20	G>A	802	0.186122
Breast-AdenoCa_sim20	T>C	347	0.080529
Breast-AdenoCa_sim20	G>C	144	0.033418
Breast-AdenoCa_sim20	A>T	172	0.039916
Breast-AdenoCa_sim20	A>G	325	0.075424
Breast-AdenoCa_sim20	T>G	115	0.026688
Breast-AdenoCa_sim20	G>T	485	0.112555
Breast-AdenoCa_sim20	C>A	583	0.135298
Breast-AdenoCa_sim20	A>C	127	0.029473
Breast-AdenoCa_sim21	C>T	1047	0.115169
Breast-AdenoCa_sim21	C>G	782	0.086019
Breast-AdenoCa_sim21	T>A	664	0.073039
Breast-AdenoCa_sim21	G>A	1082	0.119019
Breast-AdenoCa_sim21	T>C	819	0.090089
Breast-AdenoCa_sim21	G>C	795	0.087449
Breast-AdenoCa_sim21	A>T	611	0.067209
Breast-AdenoCa_sim21	A>G	729	0.080189
Breast-AdenoCa_sim21	T>G	409	0.044990
Breast-AdenoCa_sim21	G>T	802	0.088219
Breast-AdenoCa_sim21	C>A	835	0.091849
Breast-AdenoCa_sim21	A>C	516	0.056759
Breast-AdenoCa_sim22	C>T	1171	0.202665
Breast-AdenoCa_sim22	C>G	246	0.042575
Breast-AdenoCa_sim22	T>A	254	0.043960
Breast-AdenoCa_sim22	G>A	1125	0.194704
Breast-AdenoCa_sim22	T>C	511	0.088439
Breast-AdenoCa_sim22	G>C	191	0.033056
Breast-AdenoCa_sim22	A>T	264	0.045691
Breast-AdenoCa_sim22	A>G	476	0.082381
Breast-AdenoCa_sim22	T>G	190	0.032883
Breast-AdenoCa_sim22	G>T	526	0.091035
Breast-AdenoCa_sim22	C>A	662	0.114573
Breast-AdenoCa_sim22	A>C	162	0.028037
Breast-AdenoCa_sim23	C>T	1143	0.148345
Breast-AdenoCa_sim23	C>G	800	0.103829
Breast-AdenoCa_sim23	T>A	409	0.053082
Breast-AdenoCa_sim23	G>A	1182	0.153407
Breast-AdenoCa_sim23	T>C	606	0.078650
Breast-AdenoCa_sim23	G>C	727	0.094354
Breast-AdenoCa_sim23	A>T	392	0.050876
Breast-AdenoCa_sim23	A>G	560	0.072680
Breast-AdenoCa_sim23	T>G	294	0.038157
Breast-AdenoCa_sim23	G>T	595	0.077223
Breast-AdenoCa_sim23	C>A	632	0.082025
Breast-AdenoCa_sim23	A>C	365	0.047372
Breast-AdenoCa_sim24	C>T	1845	0.188689
Breast-AdenoCa_sim24	C>G	1117	0.114236
Breast-AdenoCa_sim24	T>A	446	0.045613
Breast-AdenoCa_sim24	G>A	1888	0.193087
Breast-AdenoCa_sim24	T>C	696	0.071180
Breast-AdenoCa_sim24	G>C	957	0.097873
Breast-AdenoCa_sim24	A>T	405	0.041420
Breast-AdenoCa_sim24	A>G	607	0.062078
Breast-AdenoCa_sim24	T>G	277	0.028329
Breast-AdenoCa_sim24	G>T	587	0.060033
Breast-AdenoCa_sim24	C>A	620	0.063408
Breast-AdenoCa_sim24	A>C	333	0.034056
Breast-AdenoCa_sim25	C>T	673	0.197361
Breast-AdenoCa_sim25	C>G	421	0.123460
Breast-AdenoCa_sim25	T>A	86	0.025220
Breast-AdenoCa_sim25	G>A	727	0.213196
Breast-AdenoCa_sim25	T>C	239	0.070088
Breast-AdenoCa_sim25	G>C	385	0.112903
Breast-AdenoCa_sim25	A>T	109	0.031965
Breast-AdenoCa_sim25	A>G	235	0.068915
Breast-AdenoCa_sim25	T>G	98	0.028739
Breast-AdenoCa_sim25	G>T	170	0.049853
Breast-AdenoCa_sim25	C>A	180	0.052786
Breast-AdenoCa_sim25	A>C	87	0.025513
Breast-AdenoCa_sim26	C>T	1294	0.217005
Breast-AdenoCa_sim26	C>G	228	0.038236
Breast-AdenoCa_sim26	T>A	256	0.042931
Breast-AdenoCa_sim26	G>A	1261	0.211471
Breast-AdenoCa_sim26	T>C	503	0.084354
Breast-AdenoCa_sim26	G>C	186	0.031192
Breast-AdenoCa_sim26	A>T	217	0.036391
Breast-AdenoCa_sim26	A>G	466	0.078149
Breast-AdenoCa_sim26	T>G	191	0.032031
Breast-AdenoCa_sim26	G>T	580	0.097266
Breast-AdenoCa_sim26	C>A	615	0.103136
Breast-AdenoCa_sim26	A>C	166	0.027838
Breast-AdenoCa_sim27	C>T	1191	0.190073
Breast-AdenoCa_sim27	C>G	235	0.037504
Breast-AdenoCa_sim27	T>A	262	0.041813
Breast-AdenoCa_sim27	G>A	1145	0.182732
Breast-AdenoCa_sim27	T>C	503	0.080274
Breast-AdenoCa_sim27	G>C	195	0.031120
Breast-AdenoCa_sim27	A>T	236	0.037664
Breast-AdenoCa_sim27	A>G	531	0.084743
Breast-AdenoCa_sim27	T>G	165	0.026333
Breast-AdenoCa_sim27	G>T	773	0.123364
Breast-AdenoCa_sim27	C>A	853	0.136132
Breast-AdenoCa_sim27	A>C	177	0.028248
Breast-AdenoCa_sim28	C>T	1276	0.185277
Breast-AdenoCa_sim28	C>G	431	0.062582
Breast-AdenoCa_sim28	T>A	315	0.045738
Breast-AdenoCa_sim28	G>A	1242	0.180340
Breast-AdenoCa_sim28	T>C	566	0.082184
Breast-AdenoCa_sim28	G>C	379	0.055031
Breast-AdenoCa_sim28	A>T	282	0.040947
Breast-AdenoCa_sim28	A>G	598	0.086830
Breast-AdenoCa_sim28	T>G	219	0.031799
Breast-AdenoCa_sim28	G>T	643	0.093364
Breast-AdenoCa_sim28	C>A	729	0.105852
Breast-AdenoCa_sim28	A>C	207	0.030057
Breast-AdenoCa_sim29	C>T	1152	0.150924
Breast-AdenoCa_sim29	C>G	961	0.125901
Breast-AdenoCa_sim29	T>A	352	0.046116
Breast-AdenoCa_sim29	G>A	1251	0.163894
Breast-AdenoCa_sim29	T>C	499	0.065374
Breast-AdenoCa_sim29	G>C	894	0.117123
Breast-AdenoCa_sim29	A>T	347	0.045461
Breast-AdenoCa_sim29	A>G	518	0.067863
Breast-AdenoCa_sim29	T>G	245	0.032097
Breast-AdenoCa_sim29	G>T	506	0.066291
Breast-AdenoCa_sim29	C>A	591	0.077427
Breast-AdenoCa_sim29	A>C	317	0.041530
Breast-AdenoCa_sim2	C>T	1073	0.213235
Breast-AdenoCa_sim2	C>G	449	0.089229
Breast-AdenoCa_sim2	T>A	217	0.043124
Breast-AdenoCa_sim2	G>A	1007	0.200119
Breast-AdenoCa_sim2	T>C	446	0.088633
Breast-AdenoCa_sim2	G>C	406	0.080684
Breast-AdenoCa_sim2	A>T	177	0.035175
Breast-AdenoCa_sim2	A>G	427	0.084857
Breast-AdenoCa_sim2	T>G	160	0.031797
Breast-AdenoCa_sim2	G>T	243	0.048291
Breast-AdenoCa_sim2	C>A	274	0.054452
Breast-AdenoCa_sim2	A>C	153	0.030405
Breast-AdenoCa_sim30	C>T	855	0.252809
Breast-AdenoCa_sim30	C>G	196	0.057954
Breast-AdenoCa_sim30	T>A	112	0.033116
Breast-AdenoCa_sim30	G>A	868	0.256653
Breast-AdenoCa_sim30	T>C	216	0.063868
Breast-AdenoCa_sim30	G>C	183	0.054110
Breast-AdenoCa_sim30	A>T	118	0.034891
Breast-AdenoCa_sim30	A>G	210	0.062093
Breast-AdenoCa_sim30	T>G	64	0.018924
Breast-AdenoCa_sim30	G>T	230	0.068007
Breast-AdenoCa_sim30	C>A	254	0.075103
Breast-AdenoCa_sim30	A>C	76	0.022472
Breast-AdenoCa_sim31	C>T	1206	0.164777
Breast-AdenoCa_sim31	C>G	649	0.088673
Breast-AdenoCa_sim31	T>A	350	0.047821
Breast-AdenoCa_sim31	G>A	1366	0.186638
Breast-AdenoCa_sim31	T>C	630	0.086077
Breast-AdenoCa_sim31	G>C	624	0.085258
Breast-AdenoCa_sim31	A>T	351	0.047957
Breast-AdenoCa_sim31	A>G	557	0.076103
Breast-AdenoCa_sim31	T>G	291	0.039760
Breast-AdenoCa_sim31	G>T	481	0.065719
Breast-AdenoCa_sim31	C>A	527	0.072004
Breast-AdenoCa_sim31	A>C	287	0.039213
Breast-AdenoCa_sim32	C>T	2152	0.339807
Breast-AdenoCa_sim32	C>G	510	0.080531
Breast-AdenoCa_sim32	T>A	110	0.017369
Breast-AdenoCa_sim32	G>A	2187	0.345334
Breast-AdenoCa_sim32	T>C	206	0.032528
Breast-AdenoCa_sim32	G>C	371	0.058582
Breast-AdenoCa_sim32	A>T	102	0.016106
Breast-AdenoCa_sim32	A>G	203	0.032054
Breast-AdenoCa_sim32	T>G	61	0.009632
Breast-AdenoCa_sim32	G>T	159	0.025107
Breast-AdenoCa_sim32	C>A	192	0.030317
Breast-AdenoCa_sim32	A>C	80	0.012632
Breast-AdenoCa_sim33	C>T	589	0.259700
Breast-AdenoCa_sim33	C>G	146	0.064374
Breast-AdenoCa_sim33	T>A	91	0.040123
Breast-AdenoCa_sim33	G>A	539	0.237654
Breast-AdenoCa_sim33	T>C	205	0.090388
Breast-AdenoCa_sim33	G>C	116	0.051146
Breast-AdenoCa_sim33	A>T	75	0.033069
Breast-AdenoCa_sim33	A>G	172	0.075838
Breast-AdenoCa_sim33	T>G	63	0.027778
Breast-AdenoCa_sim33	G>T	88	0.038801
Breast-AdenoCa_sim33	C>A	111	0.048942
Breast-AdenoCa_sim33	A>C	73	0.032187
Breast-AdenoCa_sim34	C>T	529	0.183172
Breast-AdenoCa_sim34	C>G	121	0.041898
Breast-AdenoCa_sim34	T>A	147	0.050900
Breast-AdenoCa_sim34	G>A	508	0.175900
Breast-AdenoCa_sim34	T>C	274	0.094875
Breast-AdenoCa_sim34	G>C	115	0.039820
Breast-AdenoCa_sim34	A>T	139	0.048130
Breast-AdenoCa_sim34	A>G	283	0.097992
Breast-AdenoCa_sim34	T>G	88	0.030471
Breast-AdenoCa_sim34	G>T	290	0.100416
Breast-AdenoCa_sim34	C>A	298	0.103186
Breast-AdenoCa_sim34	A>C	96	0.033241
Breast-AdenoCa_sim35	C>T	1133	0.245983
Breast-AdenoCa_sim35	C>G	251	0.054494
Breast-AdenoCa_sim35	T>A	176	0.038211
Breast-AdenoCa_sim35	G>A	1087	0.235997
Breast-AdenoCa_sim35	T>C	396	0.085975
Breast-AdenoCa_sim35	G>C	215	0.046678
Breast-AdenoCa_sim35	A>T	184	0.039948
Breast-AdenoCa_sim35	A>G	413	0.089666
Breast-AdenoCa_sim35	T>G	160	0.034737
Breast-AdenoCa_sim35	G>T	214	0.046461
Breast-AdenoCa_sim35	C>A	241	0.052323
Breast-AdenoCa_sim35	A>C	136	0.029527
Breast-AdenoCa_sim36	C>T	1276	0.179188
Breast-AdenoCa_sim36	C>G	467	0.065581
Breast-AdenoCa_sim36	T>A	280	0.039320
Breast-AdenoCa_sim36	G>A	1306	0.183401
Breast-AdenoCa_sim36	T>C	548	0.076955
Breast-AdenoCa_sim36	G>C	410	0.057576
Breast-AdenoCa_sim36	A>T	286	0.040163
Breast-AdenoCa_sim36	A>G	543	0.076253
Breast-AdenoCa_sim36	T>G	168	0.023592
Breast-AdenoCa_sim36	G>T	806	0.113186
Breast-AdenoCa_sim36	C>A	825	0.115855
Breast-AdenoCa_sim36	A>C	206	0.028929
Breast-AdenoCa_sim37	C>T	586	0.219229
Breast-AdenoCa_sim37	C>G	237	0.088664
Breast-AdenoCa_sim37	T>A	92	0.034418
Breast-AdenoCa_sim37	G>A	532	0.199027
Breast-AdenoCa_sim37	T>C	160	0.059858
Breast-AdenoCa_sim37	G>C	213	0.079686
Breast-AdenoCa_sim37	A>T	105	0.039282
Breast-AdenoCa_sim37	A>G	155	0.057987
Breast-AdenoCa_sim37	T>G	77	0.028807
Breast-AdenoCa_sim37	G>T	207	0.077441
Breast-AdenoCa_sim37	C>A	232	0.086794
Breast-AdenoCa_sim37	A>C	77	0.028807
Breast-AdenoCa_sim38	C>T	711	0.195383
Breast-AdenoCa_sim38	C>G	264	0.072547
Breast-AdenoCa_sim38	T>A	146	0.040121
Breast-AdenoCa_sim38	G>A	744	0.204452
Breast-AdenoCa_sim38	T>C	253	0.069525
Breast-AdenoCa_sim38	G>C	246	0.067601
Breast-AdenoCa_sim38	A>T	127	0.034900
Breast-AdenoCa_sim38	A>G	253	0.069525
Breast-AdenoCa_sim38	T>G	88	0.024182
Breast-AdenoCa_sim38	G>T	333	0.091509
Breast-AdenoCa_sim38	C>A	369	0.101401
Breast-AdenoCa_sim38	A>C	105	0.028854
Breast-AdenoCa_sim39	C>T	559	0.253515
Breast-AdenoCa_sim39	C>G	73	0.033107
Breast-AdenoCa_sim39	T>A	93	0.042177
Breast-AdenoCa_sim39	G>A	526	0.238549
Breast-AdenoCa_sim39	T>C	166	0.075283
Breast-AdenoCa_sim39	G>C	64	0.029025
Breast-AdenoCa_sim39	A>T	75	0.034014
Breast-AdenoCa_sim39	A>G	157	0.071202
Breast-AdenoCa_sim39	T>G	55	0.024943
Breast-AdenoCa_sim39	G>T	171	0.077551
Breast-AdenoCa_sim39	C>A	203	0.092063
Breast-AdenoCa_sim39	A>C	63	0.028571
Breast-AdenoCa_sim3	C>T	531	0.206454
Breast-AdenoCa_sim3	C>G	116	0.045101
Breast-AdenoCa_sim3	T>A	115	0.044712
Breast-AdenoCa_sim3	G>A	490	0.190513
Breast-AdenoCa_sim3	T>C	236	0.091757
Breast-AdenoCa_sim3	G>C	94	0.036547
Breast-AdenoCa_sim3	A>T	120	0.046656
Breast-AdenoCa_sim3	A>G	216	0.083981
Breast-AdenoCa_sim3	T>G	76	0.029549
Breast-AdenoCa_sim3	G>T	221	0.085925
Breast-AdenoCa_sim3	C>A	268	0.104199
Breast-AdenoCa_sim3	A>C	89	0.034603
Breast-AdenoCa_sim40	C>T	1090	0.198182
Breast-AdenoCa_sim40	C>G	260	0.047273
Breast-AdenoCa_sim40	T>A	435	0.079091
Breast-AdenoCa_sim40	G>A	1016	0.184727
Breast-AdenoCa_sim40	T>C	385	0.070000
Breast-AdenoCa_sim40	G>C	189	0.034364
Breast-AdenoCa_sim40	A>T	379	0.068909
Breast-AdenoCa_sim40	A>G	444	0.080727
Breast-AdenoCa_sim40	T>G	148	0.026909
Breast-AdenoCa_sim40	G>T	455	0.082727
Breast-AdenoCa_sim40	C>A	526	0.095636
Breast-AdenoCa_sim40	A>C	173	0.031455
Breast-AdenoCa_sim41	C>T	1050	0.190979
Breast-AdenoCa_sim41	C>G	314	0.057112
Breast-AdenoCa_sim41	T>A	419	0.076210
Breast-AdenoCa_sim41	G>A	1089	0.198072
Breast-AdenoCa_sim41	T>C	365	0.066388
Breast-AdenoCa_sim41	G>C	264	0.048017
Breast-AdenoCa_sim41	A>T	336	0.061113
Breast-AdenoCa_sim41	A>G	392	0.071299
Breast-AdenoCa_sim41	T>G	144	0.026191
Breast-AdenoCa_sim41	G>T	482	0.087668
Breast-AdenoCa_sim41	C>A	499	0.090760
Breast-AdenoCa_sim41	A>C	144	0.026191
Breast-AdenoCa_sim42	C>T	594	0.211840
Breast-AdenoCa_sim42	C>G	137	0.048859
Breast-AdenoCa_sim42	T>A	124	0.044223
Breast-AdenoCa_sim42	G>A	575	0.205064
Breast-AdenoCa_sim42	T>C	325	0.115906
Breast-AdenoCa_sim42	G>C	101	0.036020
Breast-AdenoCa_sim42	A>T	136	0.048502
Breast-AdenoCa_sim42	A>G	298	0.106277
Breast-AdenoCa_sim42	T>G	113	0.040300
Breast-AdenoCa_sim42	G>T	134	0.047789
Breast-AdenoCa_sim42	C>A	158	0.056348
Breast-AdenoCa_sim42	A>C	109	0.038873
Breast-AdenoCa_sim43	C>T	585	0.200962
Breast-AdenoCa_sim43	C>G	158	0.054277
Breast-AdenoCa_sim43	T>A	127	0.043628
Breast-AdenoCa_sim43	G>A	590	0.202679
Breast-AdenoCa_sim43	T>C	344	0.118172
Breast-AdenoCa_sim43	G>C	104	0.035727
Breast-AdenoCa_sim43	A>T	148	0.050842
Breast-AdenoCa_sim43	A>G	306	0.105119
Breast-AdenoCa_sim43	T>G	122	0.041910
Breast-AdenoCa_sim43	G>T	143	0.049124
Breast-AdenoCa_sim43	C>A	162	0.055651
Breast-AdenoCa_sim43	A>C	122	0.041910
Breast-AdenoCa_sim44	C>T	537	0.220715
Breast-AdenoCa_sim44	C>G	118	0.048500
Breast-AdenoCa_sim44	T>A	103	0.042335
Breast-AdenoCa_sim44	G>A	499	0.205097
Breast-AdenoCa_sim44	T>C	197	0.080970
Breast-AdenoCa_sim44	G>C	86	0.035347
Breast-AdenoCa_sim44	A>T	108	0.044390
Breast-AdenoCa_sim44	A>G	222	0.091245
Breast-AdenoCa_sim44	T>G	74	0.030415
Breast-AdenoCa_sim44	G>T	196	0.080559
Breast-AdenoCa_sim44	C>A	233	0.095767
Breast-AdenoCa_sim44	A>C	60	0.024661
Breast-AdenoCa_sim45	C>T	1003	0.163942
Breast-AdenoCa_sim45	C>G	455	0.074371
Breast-AdenoCa_sim45	T>A	399	0.065217
Breast-AdenoCa_sim45	G>A	1023	0.167212
Breast-AdenoCa_sim45	T>C	487	0.079601
Breast-AdenoCa_sim45	G>C	452	0.073880
Breast-AdenoCa_sim45	A>T	317	0.051814
Breast-AdenoCa_sim45	A>G	494	0.080745
Breast-AdenoCa_sim45	T>G	255	0.041680
Breast-AdenoCa_sim45	G>T	493	0.080582
Breast-AdenoCa_sim45	C>A	455	0.074371
Breast-AdenoCa_sim45	A>C	285	0.046584
Breast-AdenoCa_sim46	C>T	1253	0.135930
Breast-AdenoCa_sim46	C>G	651	0.070623
Breast-AdenoCa_sim46	T>A	694	0.075287
Breast-AdenoCa_sim46	G>A	1300	0.141028
Breast-AdenoCa_sim46	T>C	792	0.085919
Breast-AdenoCa_sim46	G>C	611	0.066283
Breast-AdenoCa_sim46	A>T	652	0.070731
Breast-AdenoCa_sim46	A>G	702	0.076155
Breast-AdenoCa_sim46	T>G	340	0.036884
Breast-AdenoCa_sim46	G>T	885	0.096008
Breast-AdenoCa_sim46	C>A	949	0.102951
Breast-AdenoCa_sim46	A>C	389	0.042200
Breast-AdenoCa_sim47	C>T	946	0.219847
Breast-AdenoCa_sim47	C>G	178	0.041366
Breast-AdenoCa_sim47	T>A	169	0.039275
Breast-AdenoCa_sim47	G>A	942	0.218917
Breast-AdenoCa_sim47	T>C	311	0.072275
Breast-AdenoCa_sim47	G>C	133	0.030909
Breast-AdenoCa_sim47	A>T	143	0.033233
Breast-AdenoCa_sim47	A>G	268	0.062282
Breast-AdenoCa_sim47	T>G	99	0.023007
Breast-AdenoCa_sim47	G>T	470	0.109226
Breast-AdenoCa_sim47	C>A	538	0.125029
Breast-AdenoCa_sim47	A>C	106	0.024634
Breast-AdenoCa_sim48	C>T	1160	0.114783
Breast-AdenoCa_sim48	C>G	626	0.061943
Breast-AdenoCa_sim48	T>A	1009	0.099842
Breast-AdenoCa_sim48	G>A	1260	0.124678
Breast-AdenoCa_sim48	T>C	772	0.076390
Breast-AdenoCa_sim48	G>C	578	0.057194
Breast-AdenoCa_sim48	A>T	834	0.082525
Breast-AdenoCa_sim48	A>G	745	0.073719
Breast-AdenoCa_sim48	T>G	352	0.034831
Breast-AdenoCa_sim48	G>T	1160	0.114783
Breast-AdenoCa_sim48	C>A	1168	0.115575
Breast-AdenoCa_sim48	A>C	442	0.043736
Breast-AdenoCa_sim49	C>T	767	0.285024
Breast-AdenoCa_sim49	C>G	120	0.044593
Breast-AdenoCa_sim49	T>A	105	0.039019
Breast-AdenoCa_sim49	G>A	733	0.272389
Breast-AdenoCa_sim49	T>C	209	0.077666
Breast-AdenoCa_sim49	G>C	96	0.035674
Breast-AdenoCa_sim49	A>T	97	0.036046
Breast-AdenoCa_sim49	A>G	193	0.071721
Breast-AdenoCa_sim49	T>G	82	0.030472
Breast-AdenoCa_sim49	G>T	96	0.035674
Breast-AdenoCa_sim49	C>A	124	0.046080
Breast-AdenoCa_sim49	A>C	69	0.025641
Breast-AdenoCa_sim4	C>T	831	0.173740
Breast-AdenoCa_sim4	C>G	588	0.122935
Breast-AdenoCa_sim4	T>A	157	0.032825
Breast-AdenoCa_sim4	G>A	820	0.171441
Breast-AdenoCa_sim4	T>C	413	0.086347
Breast-AdenoCa_sim4	G>C	489	0.102237
Breast-AdenoCa_sim4	A>T	185	0.038679
Breast-AdenoCa_sim4	A>G	413	0.086347
Breast-AdenoCa_sim4	T>G	149	0.031152
Breast-AdenoCa_sim4	G>T	239	0.049969
Breast-AdenoCa_sim4	C>A	302	0.063140
Breast-AdenoCa_sim4	A>C	197	0.041188
Breast-AdenoCa_sim50	C>T	1466	0.130869
Breast-AdenoCa_sim50	C>G	1359	0.121318
Breast-AdenoCa_sim50	T>A	553	0.049366
Breast-AdenoCa_sim50	G>A	1608	0.143546
Breast-AdenoCa_sim50	T>C	843	0.075254
Breast-AdenoCa_sim50	G>C	1242	0.110873
Breast-AdenoCa_sim50	A>T	616	0.054990
Breast-AdenoCa_sim50	A>G	705	0.062935
Breast-AdenoCa_sim50	T>G	428	0.038207
Breast-AdenoCa_sim50	G>T	868	0.077486
Breast-AdenoCa_sim50	C>A	966	0.086235
Breast-AdenoCa_sim50	A>C	548	0.048920
Breast-AdenoCa_sim51	C>T	1090	0.128417
Breast-AdenoCa_sim51	C>G	619	0.072926
Breast-AdenoCa_sim51	T>A	682	0.080349
Breast-AdenoCa_sim51	G>A	1064	0.125353
Breast-AdenoCa_sim51	T>C	697	0.082116
Breast-AdenoCa_sim51	G>C	603	0.071041
Breast-AdenoCa_sim51	A>T	594	0.069981
Breast-AdenoCa_sim51	A>G	628	0.073987
Breast-AdenoCa_sim51	T>G	355	0.041824
Breast-AdenoCa_sim51	G>T	886	0.104383
Breast-AdenoCa_sim51	C>A	896	0.105561
Breast-AdenoCa_sim51	A>C	374	0.044062
Breast-AdenoCa_sim52	C>T	1495	0.132009
Breast-AdenoCa_sim52	C>G	939	0.082914
Breast-AdenoCa_sim52	T>A	745	0.065784
Breast-AdenoCa_sim52	G>A	1459	0.128830
Breast-AdenoCa_sim52	T>C	949	0.083797
Breast-AdenoCa_sim52	G>C	956	0.084415
Breast-AdenoCa_sim52	A>T	684	0.060397
Breast-AdenoCa_sim52	A>G	913	0.080618
Breast-AdenoCa_sim52	T>G	490	0.043267
Breast-AdenoCa_sim52	G>T	961	0.084857
Breast-AdenoCa_sim52	C>A	1072	0.094658
Breast-AdenoCa_sim52	A>C	662	0.058455
Breast-AdenoCa_sim53	C>T	1243	0.126707
Breast-AdenoCa_sim53	C>G	1080	0.110092
Breast-AdenoCa_sim53	T>A	634	0.064628
Breast-AdenoCa_sim53	G>A	1254	0.127829
Breast-AdenoCa_sim53	T>C	765	0.077982
Breast-AdenoCa_sim53	G>C	1053	0.107339
Breast-AdenoCa_sim53	A>T	523	0.053313
Breast-AdenoCa_sim53	A>G	666	0.067890
Breast-AdenoCa_sim53	T>G	430	0.043833
Breast-AdenoCa_sim53	G>T	812	0.082773
Breast-AdenoCa_sim53	C>A	864	0.088073
Breast-AdenoCa_sim53	A>C	486	0.049541
Breast-AdenoCa_sim54	C>T	1508	0.131818
Breast-AdenoCa_sim54	C>G	1364	0.119231
Breast-AdenoCa_sim54	T>A	625	0.054633
Breast-AdenoCa_sim54	G>A	1662	0.145280
Breast-AdenoCa_sim54	T>C	861	0.075262
Breast-AdenoCa_sim54	G>C	1205	0.105332
Breast-AdenoCa_sim54	A>T	607	0.053059
Breast-AdenoCa_sim54	A>G	817	0.071416
Breast-AdenoCa_sim54	T>G	450	0.039336
Breast-AdenoCa_sim54	G>T	863	0.075437
Breast-AdenoCa_sim54	C>A	949	0.082955
Breast-AdenoCa_sim54	A>C	529	0.046241
Breast-AdenoCa_sim55	C>T	771	0.233001
Breast-AdenoCa_sim55	C>G	213	0.064370
Breast-AdenoCa_sim55	T>A	129	0.038985
Breast-AdenoCa_sim55	G>A	736	0.222424
Breast-AdenoCa_sim55	T>C	259	0.078271
Breast-AdenoCa_sim55	G>C	164	0.049562
Breast-AdenoCa_sim55	A>T	126	0.038078
Breast-AdenoCa_sim55	A>G	240	0.072529
Breast-AdenoCa_sim55	T>G	90	0.027199
Breast-AdenoCa_sim55	G>T	233	0.070414
Breast-AdenoCa_sim55	C>A	253	0.076458
Breast-AdenoCa_sim55	A>C	95	0.028710
Breast-AdenoCa_sim56	C>T	1948	0.203915
Breast-AdenoCa_sim56	C>G	558	0.058411
Breast-AdenoCa_sim56	T>A	386	0.040406
Breast-AdenoCa_sim56	G>A	1894	0.198262
Breast-AdenoCa_sim56	T>C	871	0.091176
Breast-AdenoCa_sim56	G>C	428	0.044803
Breast-AdenoCa_sim56	A>T	390	0.040825
Breast-AdenoCa_sim56	A>G	763	0.079870
Breast-AdenoCa_sim56	T>G	306	0.032032
Breast-AdenoCa_sim56	G>T	839	0.087826
Breast-AdenoCa_sim56	C>A	856	0.089605
Breast-AdenoCa_sim56	A>C	314	0.032869
Breast-AdenoCa_sim57	C>T	777	0.256944
Breast-AdenoCa_sim57	C>G	178	0.058862
Breast-AdenoCa_sim57	T>A	115	0.038029
Breast-AdenoCa_sim57	G>A	771	0.254960
Breast-AdenoCa_sim57	T>C	218	0.072090
Breast-AdenoCa_sim57	G>C	130	0.042989
Breast-AdenoCa_sim57	A>T	100	0.033069
Breast-AdenoCa_sim57	A>G	213	0.070437
Breast-AdenoCa_sim57	T>G	85	0.028108
Breast-AdenoCa_sim57	G>T	174	0.057540
Breast-AdenoCa_sim57	C>A	186	0.061508
Breast-AdenoCa_sim57	A>C	77	0.025463
Breast-AdenoCa_sim58	C>T	626	0.193031
Breast-AdenoCa_sim58	C>G	386	0.119026
Breast-AdenoCa_sim58	T>A	120	0.037003
Breast-AdenoCa_sim58	G>A	581	0.179155
Breast-AdenoCa_sim58	T>C	197	0.060746
Breast-AdenoCa_sim58	G>C	352	0.108541
Breast-AdenoCa_sim58	A>T	91	0.028060
Breast-AdenoCa_sim58	A>G	188	0.057971
Breast-AdenoCa_sim58	T>G	84	0.025902
Breast-AdenoCa_sim58	G>T	256	0.078939
Breast-AdenoCa_sim58	C>A	292	0.090040
Breast-AdenoCa_sim58	A>C	70	0.021585
Breast-AdenoCa_sim59	C>T	793	0.211692
Breast-AdenoCa_sim59	C>G	208	0.055526
Breast-AdenoCa_sim59	T>A	257	0.068607
Breast-AdenoCa_sim59	G>A	809	0.215964
Breast-AdenoCa_sim59	T>C	244	0.065136
Breast-AdenoCa_sim59	G>C	179	0.047784
Breast-AdenoCa_sim59	A>T	201	0.053657
Breast-AdenoCa_sim59	A>G	262	0.069941
Breast-AdenoCa_sim59	T>G	105	0.028030
Breast-AdenoCa_sim59	G>T	284	0.075814
Breast-AdenoCa_sim59	C>A	302	0.080619
Breast-AdenoCa_sim59	A>C	102	0.027229
Breast-AdenoCa_sim5	C>T	942	0.184272
Breast-AdenoCa_sim5	C>G	256	0.050078
Breast-AdenoCa_sim5	T>A	406	0.079421
Breast-AdenoCa_sim5	G>A	901	0.176252
Breast-AdenoCa_sim5	T>C	441	0.086268
Breast-AdenoCa_sim5	G>C	213	0.041667
Breast-AdenoCa_sim5	A>T	350	0.068466
Breast-AdenoCa_sim5	A>G	415	0.081182
Breast-AdenoCa_sim5	T>G	153	0.029930
Breast-AdenoCa_sim5	G>T	443	0.086659
Breast-AdenoCa_sim5	C>A	444	0.086854
Breast-AdenoCa_sim5	A>C	148	0.028951
Breast-AdenoCa_sim60	C>T	1129	0.226980
Breast-AdenoCa_sim60	C>G	295	0.059308
Breast-AdenoCa_sim60	T>A	183	0.036791
Breast-AdenoCa_sim60	G>A	1157	0.232610
Breast-AdenoCa_sim60	T>C	385	0.077402
Breast-AdenoCa_sim60	G>C	271	0.054483
Breast-AdenoCa_sim60	A>T	183	0.036791
Breast-AdenoCa_sim60	A>G	371	0.074588
Breast-AdenoCa_sim60	T>G	128	0.025734
Breast-AdenoCa_sim60	G>T	341	0.068556
Breast-AdenoCa_sim60	C>A	390	0.078408
Breast-AdenoCa_sim60	A>C	141	0.028347
Breast-AdenoCa_sim61	C>T	1293	0.208481
Breast-AdenoCa_sim61	C>G	242	0.039020
Breast-AdenoCa_sim61	T>A	253	0.040793
Breast-AdenoCa_sim61	G>A	1283	0.206869
Breast-AdenoCa_sim61	T>C	485	0.078201
Breast-AdenoCa_sim61	G>C	209	0.033699
Breast-AdenoCa_sim61	A>T	235	0.037891
Breast-AdenoCa_sim61	A>G	479	0.077233
Breast-AdenoCa_sim61	T>G	179	0.028862
Breast-AdenoCa_sim61	G>T	643	0.103676
Breast-AdenoCa_sim61	C>A	697	0.112383
Breast-AdenoCa_sim61	A>C	204	0.032893
Breast-AdenoCa_sim62	C>T	516	0.242595
Breast-AdenoCa_sim62	C>G	67	0.031500
Breast-AdenoCa_sim62	T>A	89	0.041843
Breast-AdenoCa_sim62	G>A	467	0.219558
Breast-AdenoCa_sim62	T>C	184	0.086507
Breast-AdenoCa_sim62	G>C	74	0.034791
Breast-AdenoCa_sim62	A>T	86	0.040433
Breast-AdenoCa_sim62	A>G	192	0.090268
Breast-AdenoCa_sim62	T>G	75	0.035261
Breast-AdenoCa_sim62	G>T	127	0.059709
Breast-AdenoCa_sim62	C>A	173	0.081335
Breast-AdenoCa_sim62	A>C	77	0.036201
Breast-AdenoCa_sim63	C>T	764	0.247089
Breast-AdenoCa_sim63	C>G	215	0.069534
Breast-AdenoCa_sim63	T>A	107	0.034605
Breast-AdenoCa_sim63	G>A	735	0.237710
Breast-AdenoCa_sim63	T>C	247	0.079884
Breast-AdenoCa_sim63	G>C	180	0.058215
Breast-AdenoCa_sim63	A>T	137	0.044308
Breast-AdenoCa_sim63	A>G	255	0.082471
Breast-AdenoCa_sim63	T>G	84	0.027167
Breast-AdenoCa_sim63	G>T	127	0.041074
Breast-AdenoCa_sim63	C>A	148	0.047865
Breast-AdenoCa_sim63	A>C	93	0.030078
Breast-AdenoCa_sim64	C>T	2875	0.189170
Breast-AdenoCa_sim64	C>G	3981	0.261942
Breast-AdenoCa_sim64	T>A	88	0.005790
Breast-AdenoCa_sim64	G>A	2988	0.196605
Breast-AdenoCa_sim64	T>C	178	0.011712
Breast-AdenoCa_sim64	G>C	3360	0.221082
Breast-AdenoCa_sim64	A>T	98	0.006448
Breast-AdenoCa_sim64	A>G	124	0.008159
Breast-AdenoCa_sim64	T>G	52	0.003422
Breast-AdenoCa_sim64	G>T	673	0.044282
Breast-AdenoCa_sim64	C>A	717	0.047177
Breast-AdenoCa_sim64	A>C	64	0.004211
Breast-AdenoCa_sim65	C>T	957	0.182948
Breast-AdenoCa_sim65	C>G	256	0.048939
Breast-AdenoCa_sim65	T>A	395	0.075511
Breast-AdenoCa_sim65	G>A	916	0.175110
Breast-AdenoCa_sim65	T>C	424	0.081055
Breast-AdenoCa_sim65	G>C	224	0.042822
Breast-AdenoCa_sim65	A>T	357	0.068247
Breast-AdenoCa_sim65	A>G	445	0.085070
Breast-AdenoCa_sim65	T>G	147	0.028102
Breast-AdenoCa_sim65	G>T	471	0.090040
Breast-AdenoCa_sim65	C>A	456	0.087173
Breast-AdenoCa_sim65	A>C	183	0.034984
Breast-AdenoCa_sim66	C>T	762	0.313839
Breast-AdenoCa_sim66	C>G	161	0.066310
Breast-AdenoCa_sim66	T>A	54	0.022241
Breast-AdenoCa_sim66	G>A	768	0.316310
Breast-AdenoCa_sim66	T>C	121	0.049835
Breast-AdenoCa_sim66	G>C	123	0.050659
Breast-AdenoCa_sim66	A>T	67	0.027595
Breast-AdenoCa_sim66	A>G	119	0.049012
Breast-AdenoCa_sim66	T>G	55	0.022652
Breast-AdenoCa_sim66	G>T	72	0.029654
Breast-AdenoCa_sim66	C>A	86	0.035420
Breast-AdenoCa_sim66	A>C	40	0.016474
Breast-AdenoCa_sim67	C>T	2740	0.278314
Breast-AdenoCa_sim67	C>G	1630	0.165566
Breast-AdenoCa_sim67	T>A	85	0.008634
Breast-AdenoCa_sim67	G>A	2776	0.281971
Breast-AdenoCa_sim67	T>C	184	0.018690
Breast-AdenoCa_sim67	G>C	1382	0.140376
Breast-AdenoCa_sim67	A>T	107	0.010868
Breast-AdenoCa_sim67	A>G	152	0.015439
Breast-AdenoCa_sim67	T>G	65	0.006602
Breast-AdenoCa_sim67	G>T	311	0.031590
Breast-AdenoCa_sim67	C>A	350	0.035551
Breast-AdenoCa_sim67	A>C	63	0.006399
Breast-AdenoCa_sim68	C>T	730	0.216489
Breast-AdenoCa_sim68	C>G	297	0.088078
Breast-AdenoCa_sim68	T>A	126	0.037367
Breast-AdenoCa_sim68	G>A	698	0.206999
Breast-AdenoCa_sim68	T>C	297	0.088078
Breast-AdenoCa_sim68	G>C	255	0.075623
Breast-AdenoCa_sim68	A>T	123	0.036477
Breast-AdenoCa_sim68	A>G	295	0.087485
Breast-AdenoCa_sim68	T>G	110	0.032622
Breast-AdenoCa_sim68	G>T	149	0.044187
Breast-AdenoCa_sim68	C>A	183	0.054270
Breast-AdenoCa_sim68	A>C	109	0.032325
Breast-AdenoCa_sim69	C>T	1383	0.178821
Breast-AdenoCa_sim69	C>G	667	0.086243
Breast-AdenoCa_sim69	T>A	412	0.053271
Breast-AdenoCa_sim69	G>A	1333	0.172356
Breast-AdenoCa_sim69	T>C	504	0.065167
Breast-AdenoCa_sim69	G>C	636	0.082234
Breast-AdenoCa_sim69	A>T	383	0.049522
Breast-AdenoCa_sim69	A>G	478	0.061805
Breast-AdenoCa_sim69	T>G	202	0.026118
Breast-AdenoCa_sim69	G>T	691	0.089346
Breast-AdenoCa_sim69	C>A	717	0.092708
Breast-AdenoCa_sim69	A>C	328	0.042410
Breast-AdenoCa_sim6	C>T	491	0.210009
Breast-AdenoCa_sim6	C>G	114	0.048760
Breast-AdenoCa_sim6	T>A	104	0.044482
Breast-AdenoCa_sim6	G>A	479	0.204876
Breast-AdenoCa_sim6	T>C	258	0.110351
Breast-AdenoCa_sim6	G>C	84	0.035928
Breast-AdenoCa_sim6	A>T	99	0.042344
Breast-AdenoCa_sim6	A>G	259	0.110778
Breast-AdenoCa_sim6	T>G	91	0.038922
Breast-AdenoCa_sim6	G>T	133	0.056886
Breast-AdenoCa_sim6	C>A	134	0.057314
Breast-AdenoCa_sim6	A>C	92	0.039350
Breast-AdenoCa_sim70	C>T	1071	0.196478
Breast-AdenoCa_sim70	C>G	415	0.076133
Breast-AdenoCa_sim70	T>A	234	0.042928
Breast-AdenoCa_sim70	G>A	994	0.182352
Breast-AdenoCa_sim70	T>C	463	0.084939
Breast-AdenoCa_sim70	G>C	345	0.063291
Breast-AdenoCa_sim70	A>T	259	0.047514
Breast-AdenoCa_sim70	A>G	429	0.078701
Breast-AdenoCa_sim70	T>G	159	0.029169
Breast-AdenoCa_sim70	G>T	395	0.072464
Breast-AdenoCa_sim70	C>A	483	0.088608
Breast-AdenoCa_sim70	A>C	204	0.037424
Breast-AdenoCa_sim71	C>T	514	0.254708
Breast-AdenoCa_sim71	C>G	104	0.051536
Breast-AdenoCa_sim71	T>A	103	0.051041
Breast-AdenoCa_sim71	G>A	487	0.241328
Breast-AdenoCa_sim71	T>C	201	0.099604
Breast-AdenoCa_sim71	G>C	74	0.036670
Breast-AdenoCa_sim71	A>T	72	0.035679
Breast-AdenoCa_sim71	A>G	171	0.084737
Breast-AdenoCa_sim71	T>G	64	0.031715
Breast-AdenoCa_sim71	G>T	76	0.037661
Breast-AdenoCa_sim71	C>A	89	0.044103
Breast-AdenoCa_sim71	A>C	63	0.031219
Breast-AdenoCa_sim72	C>T	843	0.182310
Breast-AdenoCa_sim72	C>G	367	0.079369
Breast-AdenoCa_sim72	T>A	286	0.061851
Breast-AdenoCa_sim72	G>A	858	0.185554
Breast-AdenoCa_sim72	T>C	361	0.078071
Breast-AdenoCa_sim72	G>C	304	0.065744
Breast-AdenoCa_sim72	A>T	272	0.058824
Breast-AdenoCa_sim72	A>G	318	0.068772
Breast-AdenoCa_sim72	T>G	121	0.026168
Breast-AdenoCa_sim72	G>T	374	0.080882
Breast-AdenoCa_sim72	C>A	389	0.084126
Breast-AdenoCa_sim72	A>C	131	0.028330
Breast-AdenoCa_sim73	C>T	1034	0.146004
Breast-AdenoCa_sim73	C>G	789	0.111409
Breast-AdenoCa_sim73	T>A	369	0.052104
Breast-AdenoCa_sim73	G>A	1053	0.148687
Breast-AdenoCa_sim73	T>C	527	0.074414
Breast-AdenoCa_sim73	G>C	712	0.100537
Breast-AdenoCa_sim73	A>T	357	0.050409
Breast-AdenoCa_sim73	A>G	536	0.075685
Breast-AdenoCa_sim73	T>G	250	0.035301
Breast-AdenoCa_sim73	G>T	553	0.078085
Breast-AdenoCa_sim73	C>A	588	0.083027
Breast-AdenoCa_sim73	A>C	314	0.044338
Breast-AdenoCa_sim74	C>T	619	0.225255
Breast-AdenoCa_sim74	C>G	171	0.062227
Breast-AdenoCa_sim74	T>A	109	0.039665
Breast-AdenoCa_sim74	G>A	590	0.214702
Breast-AdenoCa_sim74	T>C	282	0.102620
Breast-AdenoCa_sim74	G>C	143	0.052038
Breast-AdenoCa_sim74	A>T	111	0.040393
Breast-AdenoCa_sim74	A>G	251	0.091339
Breast-AdenoCa_sim74	T>G	101	0.036754
Breast-AdenoCa_sim74	G>T	133	0.048399
Breast-AdenoCa_sim74	C>A	132	0.048035
Breast-AdenoCa_sim74	A>C	106	0.038574
Breast-AdenoCa_sim75	C>T	1065	0.169911
Breast-AdenoCa_sim75	C>G	500	0.079770
Breast-AdenoCa_sim75	T>A	444	0.070836
Breast-AdenoCa_sim75	G>A	1067	0.170230
Breast-AdenoCa_sim75	T>C	410	0.065412
Breast-AdenoCa_sim75	G>C	477	0.076101
Breast-AdenoCa_sim75	A>T	421	0.067167
Breast-AdenoCa_sim75	A>G	366	0.058392
Breast-AdenoCa_sim75	T>G	149	0.023772
Breast-AdenoCa_sim75	G>T	586	0.093491
Breast-AdenoCa_sim75	C>A	599	0.095565
Breast-AdenoCa_sim75	A>C	184	0.029355
Breast-AdenoCa_sim76	C>T	1134	0.128034
Breast-AdenoCa_sim76	C>G	749	0.084566
Breast-AdenoCa_sim76	T>A	638	0.072033
Breast-AdenoCa_sim76	G>A	1169	0.131986
Breast-AdenoCa_sim76	T>C	689	0.077792
Breast-AdenoCa_sim76	G>C	688	0.077679
Breast-AdenoCa_sim76	A>T	641	0.072372
Breast-AdenoCa_sim76	A>G	612	0.069098
Breast-AdenoCa_sim76	T>G	295	0.033307
Breast-AdenoCa_sim76	G>T	922	0.104098
Breast-AdenoCa_sim76	C>A	939	0.106018
Breast-AdenoCa_sim76	A>C	381	0.043017
Breast-AdenoCa_sim77	C>T	1336	0.146427
Breast-AdenoCa_sim77	C>G	1016	0.111355
Breast-AdenoCa_sim77	T>A	506	0.055458
Breast-AdenoCa_sim77	G>A	1347	0.147633
Breast-AdenoCa_sim77	T>C	674	0.073871
Breast-AdenoCa_sim77	G>C	956	0.104779
Breast-AdenoCa_sim77	A>T	499	0.054691
Breast-AdenoCa_sim77	A>G	587	0.064336
Breast-AdenoCa_sim77	T>G	345	0.037812
Breast-AdenoCa_sim77	G>T	707	0.077488
Breast-AdenoCa_sim77	C>A	743	0.081434
Breast-AdenoCa_sim77	A>C	408	0.044717
Breast-AdenoCa_sim78	C>T	362	0.229695
Breast-AdenoCa_sim78	C>G	75	0.047589
Breast-AdenoCa_sim78	T>A	60	0.038071
Breast-AdenoCa_sim78	G>A	327	0.207487
Breast-AdenoCa_sim78	T>C	171	0.108503
Breast-AdenoCa_sim78	G>C	70	0.044416
Breast-AdenoCa_sim78	A>T	75	0.047589
Breast-AdenoCa_sim78	A>G	153	0.097081
Breast-AdenoCa_sim78	T>G	56	0.035533
Breast-AdenoCa_sim78	G>T	72	0.045685
Breast-AdenoCa_sim78	C>A	93	0.059010
Breast-AdenoCa_sim78	A>C	62	0.039340
Breast-AdenoCa_sim79	C>T	675	0.221675
Breast-AdenoCa_sim79	C>G	221	0.072578
Breast-AdenoCa_sim79	T>A	117	0.038424
Breast-AdenoCa_sim79	G>A	624	0.204926
Breast-AdenoCa_sim79	T>C	194	0.063711
Breast-AdenoCa_sim79	G>C	184	0.060427
Breast-AdenoCa_sim79	A>T	90	0.029557
Breast-AdenoCa_sim79	A>G	249	0.081773
Breast-AdenoCa_sim79	T>G	71	0.023317
Breast-AdenoCa_sim79	G>T	241	0.079146
Breast-AdenoCa_sim79	C>A	298	0.097865
Breast-AdenoCa_sim79	A>C	81	0.026601
Breast-AdenoCa_sim7	C>T	1354	0.122589
Breast-AdenoCa_sim7	C>G	916	0.082933
Breast-AdenoCa_sim7	T>A	692	0.062653
Breast-AdenoCa_sim7	G>A	1492	0.135084
Breast-AdenoCa_sim7	T>C	1039	0.094070
Breast-AdenoCa_sim7	G>C	893	0.080851
Breast-AdenoCa_sim7	A>T	664	0.060118
Breast-AdenoCa_sim7	A>G	976	0.088366
Breast-AdenoCa_sim7	T>G	508	0.045994
Breast-AdenoCa_sim7	G>T	896	0.081123
Breast-AdenoCa_sim7	C>A	1015	0.091897
Breast-AdenoCa_sim7	A>C	600	0.054323
Breast-AdenoCa_sim80	C>T	639	0.161731
Breast-AdenoCa_sim80	C>G	172	0.043533
Breast-AdenoCa_sim80	T>A	330	0.083523
Breast-AdenoCa_sim80	G>A	600	0.151860
Breast-AdenoCa_sim80	T>C	332	0.084029
Breast-AdenoCa_sim80	G>C	138	0.034928
Breast-AdenoCa_sim80	A>T	302	0.076436
Breast-AdenoCa_sim80	A>G	341	0.086307
Breast-AdenoCa_sim80	T>G	140	0.035434
Breast-AdenoCa_sim80	G>T	401	0.101493
Breast-AdenoCa_sim80	C>A	415	0.105037
Breast-AdenoCa_sim80	A>C	141	0.035687
Breast-AdenoCa_sim81	C>T	601	0.226195
Breast-AdenoCa_sim81	C>G	193	0.072638
Breast-AdenoCa_sim81	T>A	96	0.036131
Breast-AdenoCa_sim81	G>A	546	0.205495
Breast-AdenoCa_sim81	T>C	191	0.071886
Breast-AdenoCa_sim81	G>C	136	0.051186
Breast-AdenoCa_sim81	A>T	114	0.042906
Breast-AdenoCa_sim81	A>G	194	0.073015
Breast-AdenoCa_sim81	T>G	68	0.025593
Breast-AdenoCa_sim81	G>T	191	0.071886
Breast-AdenoCa_sim81	C>A	248	0.093338
Breast-AdenoCa_sim81	A>C	79	0.029733
Breast-AdenoCa_sim82	C>T	711	0.200677
Breast-AdenoCa_sim82	C>G	210	0.059272
Breast-AdenoCa_sim82	T>A	165	0.046571
Breast-AdenoCa_sim82	G>A	749	0.211403
Breast-AdenoCa_sim82	T>C	344	0.097093
Breast-AdenoCa_sim82	G>C	146	0.041208
Breast-AdenoCa_sim82	A>T	182	0.051369
Breast-AdenoCa_sim82	A>G	356	0.100480
Breast-AdenoCa_sim82	T>G	159	0.044877
Breast-AdenoCa_sim82	G>T	189	0.053345
Breast-AdenoCa_sim82	C>A	220	0.062094
Breast-AdenoCa_sim82	A>C	112	0.031612
Breast-AdenoCa_sim83	C>T	1057	0.124061
Breast-AdenoCa_sim83	C>G	614	0.072066
Breast-AdenoCa_sim83	T>A	764	0.089671
Breast-AdenoCa_sim83	G>A	1127	0.132277
Breast-AdenoCa_sim83	T>C	580	0.068075
Breast-AdenoCa_sim83	G>C	569	0.066784
Breast-AdenoCa_sim83	A>T	647	0.075939
Breast-AdenoCa_sim83	A>G	529	0.062089
Breast-AdenoCa_sim83	T>G	284	0.033333
Breast-AdenoCa_sim83	G>T	965	0.113263
Breast-AdenoCa_sim83	C>A	1028	0.120657
Breast-AdenoCa_sim83	A>C	356	0.041784
Breast-AdenoCa_sim84	C>T	682	0.205051
Breast-AdenoCa_sim84	C>G	174	0.052315
Breast-AdenoCa_sim84	T>A	151	0.045400
Breast-AdenoCa_sim84	G>A	674	0.202646
Breast-AdenoCa_sim84	T>C	390	0.117258
Breast-AdenoCa_sim84	G>C	132	0.039687
Breast-AdenoCa_sim84	A>T	156	0.046903
Breast-AdenoCa_sim84	A>G	348	0.104630
Breast-AdenoCa_sim84	T>G	143	0.042995
Breast-AdenoCa_sim84	G>T	153	0.046001
Breast-AdenoCa_sim84	C>A	205	0.061636
Breast-AdenoCa_sim84	A>C	118	0.035478
Breast-AdenoCa_sim85	C>T	1648	0.229943
Breast-AdenoCa_sim85	C>G	377	0.052602
Breast-AdenoCa_sim85	T>A	259	0.036138
Breast-AdenoCa_sim85	G>A	1549	0.216129
Breast-AdenoCa_sim85	T>C	492	0.068648
Breast-AdenoCa_sim85	G>C	323	0.045068
Breast-AdenoCa_sim85	A>T	257	0.035859
Breast-AdenoCa_sim85	A>G	460	0.064183
Breast-AdenoCa_sim85	T>G	212	0.029580
Breast-AdenoCa_sim85	G>T	648	0.090414
Breast-AdenoCa_sim85	C>A	735	0.102553
Breast-AdenoCa_sim85	A>C	207	0.028882
Breast-AdenoCa_sim86	C>T	481	0.196487
Breast-AdenoCa_sim86	C>G	112	0.045752
Breast-AdenoCa_sim86	T>A	112	0.045752
Breast-AdenoCa_sim86	G>A	464	0.189542
Breast-AdenoCa_sim86	T>C	231	0.094363
Breast-AdenoCa_sim86	G>C	76	0.031046
Breast-AdenoCa_sim86	A>T	107	0.043709
Breast-AdenoCa_sim86	A>G	225	0.091912
Breast-AdenoCa_sim86	T>G	95	0.038807
Breast-AdenoCa_sim86	G>T	203	0.082925
Breast-AdenoCa_sim86	C>A	244	0.099673
Breast-AdenoCa_sim86	A>C	98	0.040033
Breast-AdenoCa_sim87	C>T	626	0.181187
Breast-AdenoCa_sim87	C>G	156	0.045152
Breast-AdenoCa_sim87	T>A	168	0.048625
Breast-AdenoCa_sim87	G>A	652	0.188712
Breast-AdenoCa_sim87	T>C	468	0.135456
Breast-AdenoCa_sim87	G>C	123	0.035601
Breast-AdenoCa_sim87	A>T	195	0.056440
Breast-AdenoCa_sim87	A>G	408	0.118090
Breast-AdenoCa_sim87	T>G	139	0.040232
Breast-AdenoCa_sim87	G>T	160	0.046310
Breast-AdenoCa_sim87	C>A	206	0.059624
Breast-AdenoCa_sim87	A>C	154	0.044573
Breast-AdenoCa_sim88	C>T	872	0.101407
Breast-AdenoCa_sim88	C>G	719	0.083614
Breast-AdenoCa_sim88	T>A	710	0.082568
Breast-AdenoCa_sim88	G>A	914	0.106291
Breast-AdenoCa_sim88	T>C	742	0.086289
Breast-AdenoCa_sim88	G>C	710	0.082568
Breast-AdenoCa_sim88	A>T	637	0.074078
Breast-AdenoCa_sim88	A>G	611	0.071055
Breast-AdenoCa_sim88	T>G	373	0.043377
Breast-AdenoCa_sim88	G>T	892	0.103733
Breast-AdenoCa_sim88	C>A	972	0.113036
Breast-AdenoCa_sim88	A>C	447	0.051983
Breast-AdenoCa_sim89	C>T	907	0.200886
Breast-AdenoCa_sim89	C>G	507	0.112292
Breast-AdenoCa_sim89	T>A	126	0.027907
Breast-AdenoCa_sim89	G>A	809	0.179181
Breast-AdenoCa_sim89	T>C	191	0.042303
Breast-AdenoCa_sim89	G>C	435	0.096346
Breast-AdenoCa_sim89	A>T	120	0.026578
Breast-AdenoCa_sim89	A>G	184	0.040753
Breast-AdenoCa_sim89	T>G	76	0.016833
Breast-AdenoCa_sim89	G>T	533	0.118051
Breast-AdenoCa_sim89	C>A	538	0.119158
Breast-AdenoCa_sim89	A>C	89	0.019712
Breast-AdenoCa_sim8	C>T	1400	0.216517
Breast-AdenoCa_sim8	C>G	318	0.049180
Breast-AdenoCa_sim8	T>A	268	0.041448
Breast-AdenoCa_sim8	G>A	1327	0.205227
Breast-AdenoCa_sim8	T>C	471	0.072843
Breast-AdenoCa_sim8	G>C	311	0.048098
Breast-AdenoCa_sim8	A>T	242	0.037427
Breast-AdenoCa_sim8	A>G	423	0.065419
Breast-AdenoCa_sim8	T>G	179	0.027683
Breast-AdenoCa_sim8	G>T	703	0.108723
Breast-AdenoCa_sim8	C>A	689	0.106557
Breast-AdenoCa_sim8	A>C	135	0.020878
Breast-AdenoCa_sim90	C>T	1097	0.217013
Breast-AdenoCa_sim90	C>G	422	0.083482
Breast-AdenoCa_sim90	T>A	236	0.046686
Breast-AdenoCa_sim90	G>A	1043	0.206330
Breast-AdenoCa_sim90	T>C	452	0.089416
Breast-AdenoCa_sim90	G>C	359	0.071019
Breast-AdenoCa_sim90	A>T	190	0.037587
Breast-AdenoCa_sim90	A>G	452	0.089416
Breast-AdenoCa_sim90	T>G	162	0.032047
Breast-AdenoCa_sim90	G>T	228	0.045104
Breast-AdenoCa_sim90	C>A	263	0.052028
Breast-AdenoCa_sim90	A>C	151	0.029871
Breast-AdenoCa_sim91	C>T	864	0.291892
Breast-AdenoCa_sim91	C>G	238	0.080405
Breast-AdenoCa_sim91	T>A	69	0.023311
Breast-AdenoCa_sim91	G>A	819	0.276689
Breast-AdenoCa_sim91	T>C	197	0.066554
Breast-AdenoCa_sim91	G>C	189	0.063851
Breast-AdenoCa_sim91	A>T	91	0.030743
Breast-AdenoCa_sim91	A>G	171	0.057770
Breast-AdenoCa_sim91	T>G	62	0.020946
Breast-AdenoCa_sim91	G>T	91	0.030743
Breast-AdenoCa_sim91	C>A	117	0.039527
Breast-AdenoCa_sim91	A>C	52	0.017568
Breast-AdenoCa_sim92	C>T	709	0.213619
Breast-AdenoCa_sim92	C>G	229	0.068997
Breast-AdenoCa_sim92	T>A	158	0.047605
Breast-AdenoCa_sim92	G>A	740	0.222959
Breast-AdenoCa_sim92	T>C	290	0.087376
Breast-AdenoCa_sim92	G>C	172	0.051823
Breast-AdenoCa_sim92	A>T	156	0.047002
Breast-AdenoCa_sim92	A>G	302	0.090991
Breast-AdenoCa_sim92	T>G	114	0.034348
Breast-AdenoCa_sim92	G>T	151	0.045496
Breast-AdenoCa_sim92	C>A	177	0.053329
Breast-AdenoCa_sim92	A>C	121	0.036457
Breast-AdenoCa_sim93	C>T	829	0.125720
Breast-AdenoCa_sim93	C>G	282	0.042766
Breast-AdenoCa_sim93	T>A	694	0.105247
Breast-AdenoCa_sim93	G>A	848	0.128602
Breast-AdenoCa_sim93	T>C	506	0.076736
Breast-AdenoCa_sim93	G>C	225	0.034122
Breast-AdenoCa_sim93	A>T	599	0.090840
Breast-AdenoCa_sim93	A>G	521	0.079011
Breast-AdenoCa_sim93	T>G	225	0.034122
Breast-AdenoCa_sim93	G>T	832	0.126175
Breast-AdenoCa_sim93	C>A	802	0.121626
Breast-AdenoCa_sim93	A>C	231	0.035032
Breast-AdenoCa_sim94	C>T	621	0.231285
Breast-AdenoCa_sim94	C>G	180	0.067039
Breast-AdenoCa_sim94	T>A	111	0.041341
Breast-AdenoCa_sim94	G>A	621	0.231285
Breast-AdenoCa_sim94	T>C	242	0.090130
Breast-AdenoCa_sim94	G>C	128	0.047672
Breast-AdenoCa_sim94	A>T	110	0.040968
Breast-AdenoCa_sim94	A>G	270	0.100559
Breast-AdenoCa_sim94	T>G	82	0.030540
Breast-AdenoCa_sim94	G>T	110	0.040968
Breast-AdenoCa_sim94	C>A	141	0.052514
Breast-AdenoCa_sim94	A>C	69	0.025698
Breast-AdenoCa_sim95	C>T	4850	0.259803
Breast-AdenoCa_sim95	C>G	1305	0.069906
Breast-AdenoCa_sim95	T>A	672	0.035997
Breast-AdenoCa_sim95	G>A	5100	0.273195
Breast-AdenoCa_sim95	T>C	903	0.048372
Breast-AdenoCa_sim95	G>C	1215	0.065085
Breast-AdenoCa_sim95	A>T	701	0.037551
Breast-AdenoCa_sim95	A>G	786	0.042104
Breast-AdenoCa_sim95	T>G	489	0.026195
Breast-AdenoCa_sim95	G>T	960	0.051425
Breast-AdenoCa_sim95	C>A	1109	0.059406
Breast-AdenoCa_sim95	A>C	578	0.030962
Breast-AdenoCa_sim96	C>T	763	0.304591
Breast-AdenoCa_sim96	C>G	165	0.065868
Breast-AdenoCa_sim96	T>A	61	0.024351
Breast-AdenoCa_sim96	G>A	765	0.305389
Breast-AdenoCa_sim96	T>C	141	0.056287
Breast-AdenoCa_sim96	G>C	136	0.054291
Breast-AdenoCa_sim96	A>T	66	0.026347
Breast-AdenoCa_sim96	A>G	136	0.054291
Breast-AdenoCa_sim96	T>G	40	0.015968
Breast-AdenoCa_sim96	G>T	80	0.031936
Breast-AdenoCa_sim96	C>A	89	0.035529
Breast-AdenoCa_sim96	A>C	63	0.025150
Breast-AdenoCa_sim97	C>T	836	0.136870
Breast-AdenoCa_sim97	C>G	481	0.078749
Breast-AdenoCa_sim97	T>A	533	0.087263
Breast-AdenoCa_sim97	G>A	829	0.135724
Breast-AdenoCa_sim97	T>C	400	0.065488
Breast-AdenoCa_sim97	G>C	430	0.070399
Breast-AdenoCa_sim97	A>T	480	0.078585
Breast-AdenoCa_sim97	A>G	412	0.067453
Breast-AdenoCa_sim97	T>G	157	0.025704
Breast-AdenoCa_sim97	G>T	687	0.112475
Breast-AdenoCa_sim97	C>A	680	0.111329
Breast-AdenoCa_sim97	A>C	183	0.029961
Breast-AdenoCa_sim98	C>T	539	0.234858
Breast-AdenoCa_sim98	C>G	124	0.054031
Breast-AdenoCa_sim98	T>A	111	0.048366
Breast-AdenoCa_sim98	G>A	485	0.211329
Breast-AdenoCa_sim98	T>C	226	0.098475
Breast-AdenoCa_sim98	G>C	87	0.037908
Breast-AdenoCa_sim98	A>T	89	0.038780
Breast-AdenoCa_sim98	A>G	238	0.103704
Breast-AdenoCa_sim98	T>G	93	0.040523
Breast-AdenoCa_sim98	G>T	110	0.047930
Breast-AdenoCa_sim98	C>A	118	0.051416
Breast-AdenoCa_sim98	A>C	75	0.032680
Breast-AdenoCa_sim99	C>T	472	0.216912
Breast-AdenoCa_sim99	C>G	87	0.039982
Breast-AdenoCa_sim99	T>A	101	0.046415
Breast-AdenoCa_sim99	G>A	522	0.239890
Breast-AdenoCa_sim99	T>C	201	0.092371
Breast-AdenoCa_sim99	G>C	81	0.037224
Breast-AdenoCa_sim99	A>T	76	0.034926
Breast-AdenoCa_sim99	A>G	232	0.106618
Breast-AdenoCa_sim99	T>G	79	0.036305
Breast-AdenoCa_sim99	G>T	107	0.049173
Breast-AdenoCa_sim99	C>A	118	0.054228
Breast-AdenoCa_sim99	A>C	100	0.045956
Breast-AdenoCa_sim9	C>T	1010	0.213215
Breast-AdenoCa_sim9	C>G	345	0.072831
Breast-AdenoCa_sim9	T>A	171	0.036099
Breast-AdenoCa_sim9	G>A	1016	0.214482
Breast-AdenoCa_sim9	T>C	350	0.073886
Breast-AdenoCa_sim9	G>C	287	0.060587
Breast-AdenoCa_sim9	A>T	168	0.035465
Breast-AdenoCa_sim9	A>G	322	0.067976
Breast-AdenoCa_sim9	T>G	117	0.024699
Breast-AdenoCa_sim9	G>T	398	0.084019
Breast-AdenoCa_sim9	C>A	408	0.086130
Breast-AdenoCa_sim9	A>C	145	0.030610
Prost-AdenoCA_sim100	C>T	436	0.185928
Prost-AdenoCA_sim100	C>G	86	0.036674
Prost-AdenoCA_sim100	T>A	136	0.057996
Prost-AdenoCA_sim100	G>A	461	0.196588
Prost-AdenoCA_sim100	T>C	212	0.090405
Prost-AdenoCA_sim100	G>C	110	0.046908
Prost-AdenoCA_sim100	A>T	132	0.056290
Prost-AdenoCA_sim100	A>G	224	0.095522
Prost-AdenoCA_sim100	T>G	63	0.026866
Prost-AdenoCA_sim100	G>T	217	0.092537
Prost-AdenoCA_sim100	C>A	195	0.083156
Prost-AdenoCA_sim100	A>C	73	0.031130
Prost-AdenoCA_sim10	C>T	516	0.163706
Prost-AdenoCA_sim10	C>G	117	0.037119
Prost-AdenoCA_sim10	T>A	199	0.063135
Prost-AdenoCA_sim10	G>A	510	0.161802
Prost-AdenoCA_sim10	T>C	317	0.100571
Prost-AdenoCA_sim10	G>C	160	0.050761
Prost-AdenoCA_sim10	A>T	201	0.063769
Prost-AdenoCA_sim10	A>G	299	0.094860
Prost-AdenoCA_sim10	T>G	126	0.039975
Prost-AdenoCA_sim10	G>T	292	0.092640
Prost-AdenoCA_sim10	C>A	285	0.090419
Prost-AdenoCA_sim10	A>C	130	0.041244
Prost-AdenoCA_sim11	C>T	452	0.158263
Prost-AdenoCA_sim11	C>G	123	0.043067
Prost-AdenoCA_sim11	T>A	183	0.064076
Prost-AdenoCA_sim11	G>A	482	0.168768
Prost-AdenoCA_sim11	T>C	280	0.098039
Prost-AdenoCA_sim11	G>C	145	0.050770
Prost-AdenoCA_sim11	A>T	162	0.056723
Prost-AdenoCA_sim11	A>G	238	0.083333
Prost-AdenoCA_sim11	T>G	125	0.043768
Prost-AdenoCA_sim11	G>T	299	0.104692
Prost-AdenoCA_sim11	C>A	233	0.081583
Prost-AdenoCA_sim11	A>C	134	0.046919
Prost-AdenoCA_sim12	C>T	116	0.229249
Prost-AdenoCA_sim12	C>G	23	0.045455
Prost-AdenoCA_sim12	T>A	26	0.051383
Prost-AdenoCA_sim12	G>A	102	0.201581
Prost-AdenoCA_sim12	T>C	62	0.122530
Prost-AdenoCA_sim12	G>C	15	0.029644
Prost-AdenoCA_sim12	A>T	17	0.033597
Prost-AdenoCA_sim12	A>G	64	0.126482
Prost-AdenoCA_sim12	T>G	12	0.023715
Prost-AdenoCA_sim12	G>T	28	0.055336
Prost-AdenoCA_sim12	C>A	30	0.059289
Prost-AdenoCA_sim12	A>C	11	0.021739
Prost-AdenoCA_sim13	C>T	2091	0.138339
Prost-AdenoCA_sim13	C>G	685	0.045319
Prost-AdenoCA_sim13	T>A	1037	0.068607
Prost-AdenoCA_sim13	G>A	2230	0.147536
Prost-AdenoCA_sim13	T>C	1495	0.098908
Prost-AdenoCA_sim13	G>C	797	0.052729
Prost-AdenoCA_sim13	A>T	920	0.060867
Prost-AdenoCA_sim13	A>G	1521	0.100629
Prost-AdenoCA_sim13	T>G	615	0.040688
Prost-AdenoCA_sim13	G>T	1637	0.108303
Prost-AdenoCA_sim13	C>A	1450	0.095931
Prost-AdenoCA_sim13	A>C	637	0.042144
Prost-AdenoCA_sim14	C>T	574	0.196441
Prost-AdenoCA_sim14	C>G	94	0.032170
Prost-AdenoCA_sim14	T>A	172	0.058864
Prost-AdenoCA_sim14	G>A	593	0.202943
Prost-AdenoCA_sim14	T>C	272	0.093087
Prost-AdenoCA_sim14	G>C	108	0.036961
Prost-AdenoCA_sim14	A>T	187	0.063997
Prost-AdenoCA_sim14	A>G	240	0.082136
Prost-AdenoCA_sim14	T>G	110	0.037645
Prost-AdenoCA_sim14	G>T	247	0.084531
Prost-AdenoCA_sim14	C>A	229	0.078371
Prost-AdenoCA_sim14	A>C	96	0.032854
Prost-AdenoCA_sim15	C>T	409	0.227475
Prost-AdenoCA_sim15	C>G	41	0.022803
Prost-AdenoCA_sim15	T>A	85	0.047275
Prost-AdenoCA_sim15	G>A	434	0.241379
Prost-AdenoCA_sim15	T>C	172	0.095662
Prost-AdenoCA_sim15	G>C	65	0.036151
Prost-AdenoCA_sim15	A>T	89	0.049499
Prost-AdenoCA_sim15	A>G	166	0.092325
Prost-AdenoCA_sim15	T>G	50	0.027809
Prost-AdenoCA_sim15	G>T	130	0.072303
Prost-AdenoCA_sim15	C>A	111	0.061735
Prost-AdenoCA_sim15	A>C	46	0.025584
Prost-AdenoCA_sim16	C>T	518	0.163252
Prost-AdenoCA_sim16	C>G	145	0.045698
Prost-AdenoCA_sim16	T>A	202	0.063662
Prost-AdenoCA_sim16	G>A	542	0.170816
Prost-AdenoCA_sim16	T>C	315	0.099275
Prost-AdenoCA_sim16	G>C	151	0.047589
Prost-AdenoCA_sim16	A>T	186	0.058620
Prost-AdenoCA_sim16	A>G	309	0.097384
Prost-AdenoCA_sim16	T>G	112	0.035298
Prost-AdenoCA_sim16	G>T	314	0.098960
Prost-AdenoCA_sim16	C>A	273	0.086038
Prost-AdenoCA_sim16	A>C	106	0.033407
Prost-AdenoCA_sim17	C>T	561	0.175752
Prost-AdenoCA_sim17	C>G	123	0.038534
Prost-AdenoCA_sim17	T>A	192	0.060150
Prost-AdenoCA_sim17	G>A	623	0.195175
Prost-AdenoCA_sim17	T>C	282	0.088346
Prost-AdenoCA_sim17	G>C	133	0.041667
Prost-AdenoCA_sim17	A>T	201	0.062970
Prost-AdenoCA_sim17	A>G	265	0.083020
Prost-AdenoCA_sim17	T>G	109	0.034148
Prost-AdenoCA_sim17	G>T	313	0.098058
Prost-AdenoCA_sim17	C>A	261	0.081767
Prost-AdenoCA_sim17	A>C	129	0.040414
Prost-AdenoCA_sim18	C>T	495	0.194194
Prost-AdenoCA_sim18	C>G	95	0.037270
Prost-AdenoCA_sim18	T>A	155	0.060808
Prost-AdenoCA_sim18	G>A	502	0.196940
Prost-AdenoCA_sim18	T>C	209	0.081993
Prost-AdenoCA_sim18	G>C	98	0.038446
Prost-AdenoCA_sim18	A>T	142	0.055708
Prost-AdenoCA_sim18	A>G	256	0.100432
Prost-AdenoCA_sim18	T>G	85	0.033346
Prost-AdenoCA_sim18	G>T	217	0.085131
Prost-AdenoCA_sim18	C>A	203	0.079639
Prost-AdenoCA_sim18	A>C	92	0.036093
Prost-AdenoCA_sim19	C>T	476	0.239316
Prost-AdenoCA_sim19	C>G	59	0.029663
Prost-AdenoCA_sim19	T>A	99	0.049774
Prost-AdenoCA_sim19	G>A	460	0.231272
Prost-AdenoCA_sim19	T>C	174	0.087481
Prost-AdenoCA_sim19	G>C	72	0.036199
Prost-AdenoCA_sim19	A>T	79	0.039718
Prost-AdenoCA_sim19	A>G	179	0.089995
Prost-AdenoCA_sim19	T>G	53	0.026647
Prost-AdenoCA_sim19	G>T	151	0.075918
Prost-AdenoCA_sim19	C>A	127	0.063851
Prost-AdenoCA_sim19	A>C	60	0.030166
Prost-AdenoCA_sim1	C>T	2681	0.264242
Prost-AdenoCA_sim1	C>G	261	0.025724
Prost-AdenoCA_sim1	T>A	520	0.051252
Prost-AdenoCA_sim1	G>A	2687	0.264833
Prost-AdenoCA_sim1	T>C	750	0.073921
Prost-AdenoCA_sim1	G>C	314	0.030948
Prost-AdenoCA_sim1	A>T	455	0.044845
Prost-AdenoCA_sim1	A>G	778	0.076680
Prost-AdenoCA_sim1	T>G	222	0.021881
Prost-AdenoCA_sim1	G>T	685	0.067514
Prost-AdenoCA_sim1	C>A	534	0.052632
Prost-AdenoCA_sim1	A>C	259	0.025527
Prost-AdenoCA_sim20	C>T	1283	0.149796
Prost-AdenoCA_sim20	C>G	380	0.044367
Prost-AdenoCA_sim20	T>A	559	0.065266
Prost-AdenoCA_sim20	G>A	1281	0.149562
Prost-AdenoCA_sim20	T>C	819	0.095622
Prost-AdenoCA_sim20	G>C	453	0.052890
Prost-AdenoCA_sim20	A>T	562	0.065616
Prost-AdenoCA_sim20	A>G	814	0.095038
Prost-AdenoCA_sim20	T>G	351	0.040981
Prost-AdenoCA_sim20	G>T	881	0.102860
Prost-AdenoCA_sim20	C>A	813	0.094921
Prost-AdenoCA_sim20	A>C	369	0.043082
Prost-AdenoCA_sim21	C>T	3144	0.242237
Prost-AdenoCA_sim21	C>G	390	0.030049
Prost-AdenoCA_sim21	T>A	689	0.053086
Prost-AdenoCA_sim21	G>A	3071	0.236613
Prost-AdenoCA_sim21	T>C	1073	0.082672
Prost-AdenoCA_sim21	G>C	484	0.037291
Prost-AdenoCA_sim21	A>T	604	0.046537
Prost-AdenoCA_sim21	A>G	1084	0.083520
Prost-AdenoCA_sim21	T>G	365	0.028122
Prost-AdenoCA_sim21	G>T	919	0.070807
Prost-AdenoCA_sim21	C>A	799	0.061561
Prost-AdenoCA_sim21	A>C	357	0.027506
Prost-AdenoCA_sim22	C>T	435	0.177334
Prost-AdenoCA_sim22	C>G	98	0.039951
Prost-AdenoCA_sim22	T>A	133	0.054219
Prost-AdenoCA_sim22	G>A	493	0.200978
Prost-AdenoCA_sim22	T>C	213	0.086832
Prost-AdenoCA_sim22	G>C	122	0.049735
Prost-AdenoCA_sim22	A>T	130	0.052996
Prost-AdenoCA_sim22	A>G	197	0.080310
Prost-AdenoCA_sim22	T>G	88	0.035874
Prost-AdenoCA_sim22	G>T	234	0.095393
Prost-AdenoCA_sim22	C>A	219	0.089278
Prost-AdenoCA_sim22	A>C	91	0.037097
Prost-AdenoCA_sim23	C>T	974	0.142732
Prost-AdenoCA_sim23	C>G	209	0.030627
Prost-AdenoCA_sim23	T>A	291	0.042644
Prost-AdenoCA_sim23	G>A	928	0.135991
Prost-AdenoCA_sim23	T>C	1121	0.164273
Prost-AdenoCA_sim23	G>C	275	0.040299
Prost-AdenoCA_sim23	A>T	327	0.047919
Prost-AdenoCA_sim23	A>G	1191	0.174531
Prost-AdenoCA_sim23	T>G	359	0.052608
Prost-AdenoCA_sim23	G>T	403	0.059056
Prost-AdenoCA_sim23	C>A	350	0.051290
Prost-AdenoCA_sim23	A>C	396	0.058030
Prost-AdenoCA_sim24	C>T	5324	0.160734
Prost-AdenoCA_sim24	C>G	1359	0.041029
Prost-AdenoCA_sim24	T>A	2082	0.062857
Prost-AdenoCA_sim24	G>A	5613	0.169459
Prost-AdenoCA_sim24	T>C	3316	0.100112
Prost-AdenoCA_sim24	G>C	1577	0.047610
Prost-AdenoCA_sim24	A>T	1996	0.060260
Prost-AdenoCA_sim24	A>G	3275	0.098874
Prost-AdenoCA_sim24	T>G	1202	0.036289
Prost-AdenoCA_sim24	G>T	3138	0.094738
Prost-AdenoCA_sim24	C>A	2984	0.090088
Prost-AdenoCA_sim24	A>C	1257	0.037949
Prost-AdenoCA_sim25	C>T	659	0.195665
Prost-AdenoCA_sim25	C>G	100	0.029691
Prost-AdenoCA_sim25	T>A	217	0.064430
Prost-AdenoCA_sim25	G>A	724	0.214964
Prost-AdenoCA_sim25	T>C	277	0.082245
Prost-AdenoCA_sim25	G>C	149	0.044240
Prost-AdenoCA_sim25	A>T	180	0.053444
Prost-AdenoCA_sim25	A>G	316	0.093824
Prost-AdenoCA_sim25	T>G	89	0.026425
Prost-AdenoCA_sim25	G>T	277	0.082245
Prost-AdenoCA_sim25	C>A	254	0.075416
Prost-AdenoCA_sim25	A>C	126	0.037411
Prost-AdenoCA_sim26	C>T	2217	0.208130
Prost-AdenoCA_sim26	C>G	382	0.035862
Prost-AdenoCA_sim26	T>A	638	0.059895
Prost-AdenoCA_sim26	G>A	2244	0.210665
Prost-AdenoCA_sim26	T>C	808	0.075854
Prost-AdenoCA_sim26	G>C	456	0.042809
Prost-AdenoCA_sim26	A>T	569	0.053417
Prost-AdenoCA_sim26	A>G	799	0.075009
Prost-AdenoCA_sim26	T>G	346	0.032482
Prost-AdenoCA_sim26	G>T	915	0.085899
Prost-AdenoCA_sim26	C>A	921	0.086463
Prost-AdenoCA_sim26	A>C	357	0.033515
Prost-AdenoCA_sim27	C>T	528	0.164589
Prost-AdenoCA_sim27	C>G	143	0.044576
Prost-AdenoCA_sim27	T>A	175	0.054551
Prost-AdenoCA_sim27	G>A	593	0.184850
Prost-AdenoCA_sim27	T>C	292	0.091022
Prost-AdenoCA_sim27	G>C	167	0.052057
Prost-AdenoCA_sim27	A>T	202	0.062968
Prost-AdenoCA_sim27	A>G	327	0.101933
Prost-AdenoCA_sim27	T>G	85	0.026496
Prost-AdenoCA_sim27	G>T	317	0.098815
Prost-AdenoCA_sim27	C>A	249	0.077618
Prost-AdenoCA_sim27	A>C	130	0.040524
Prost-AdenoCA_sim28	C>T	761	0.135626
Prost-AdenoCA_sim28	C>G	170	0.030298
Prost-AdenoCA_sim28	T>A	266	0.047407
Prost-AdenoCA_sim28	G>A	786	0.140082
Prost-AdenoCA_sim28	T>C	843	0.150241
Prost-AdenoCA_sim28	G>C	241	0.042951
Prost-AdenoCA_sim28	A>T	293	0.052219
Prost-AdenoCA_sim28	A>G	916	0.163251
Prost-AdenoCA_sim28	T>G	302	0.053823
Prost-AdenoCA_sim28	G>T	350	0.062377
Prost-AdenoCA_sim28	C>A	347	0.061843
Prost-AdenoCA_sim28	A>C	336	0.059882
Prost-AdenoCA_sim29	C>T	2543	0.246630
Prost-AdenoCA_sim29	C>G	290	0.028125
Prost-AdenoCA_sim29	T>A	540	0.052371
Prost-AdenoCA_sim29	G>A	2606	0.252740
Prost-AdenoCA_sim29	T>C	879	0.085249
Prost-AdenoCA_sim29	G>C	325	0.031520
Prost-AdenoCA_sim29	A>T	489	0.047425
Prost-AdenoCA_sim29	A>G	873	0.084667
Prost-AdenoCA_sim29	T>G	274	0.026574
Prost-AdenoCA_sim29	G>T	649	0.062942
Prost-AdenoCA_sim29	C>A	591	0.057317
Prost-AdenoCA_sim29	A>C	252	0.024440
Prost-AdenoCA_sim2	C>T	761	0.164327
Prost-AdenoCA_sim2	C>G	165	0.035629
Prost-AdenoCA_sim2	T>A	324	0.069963
Prost-AdenoCA_sim2	G>A	812	0.175340
Prost-AdenoCA_sim2	T>C	384	0.082919
Prost-AdenoCA_sim2	G>C	187	0.040380
Prost-AdenoCA_sim2	A>T	340	0.073418
Prost-AdenoCA_sim2	A>G	415	0.089613
Prost-AdenoCA_sim2	T>G	121	0.026128
Prost-AdenoCA_sim2	G>T	528	0.114014
Prost-AdenoCA_sim2	C>A	451	0.097387
Prost-AdenoCA_sim2	A>C	143	0.030879
Prost-AdenoCA_sim30	C>T	576	0.208017
Prost-AdenoCA_sim30	C>G	98	0.035392
Prost-AdenoCA_sim30	T>A	173	0.062477
Prost-AdenoCA_sim30	G>A	591	0.213434
Prost-AdenoCA_sim30	T>C	223	0.080534
Prost-AdenoCA_sim30	G>C	102	0.036836
Prost-AdenoCA_sim30	A>T	144	0.052004
Prost-AdenoCA_sim30	A>G	260	0.093897
Prost-AdenoCA_sim30	T>G	70	0.025280
Prost-AdenoCA_sim30	G>T	223	0.080534
Prost-AdenoCA_sim30	C>A	217	0.078368
Prost-AdenoCA_sim30	A>C	92	0.033225
Prost-AdenoCA_sim31	C>T	1030	0.167534
Prost-AdenoCA_sim31	C>G	236	0.038386
Prost-AdenoCA_sim31	T>A	403	0.065550
Prost-AdenoCA_sim31	G>A	1113	0.181034
Prost-AdenoCA_sim31	T>C	709	0.115322
Prost-AdenoCA_sim31	G>C	298	0.048471
Prost-AdenoCA_sim31	A>T	348	0.056604
Prost-AdenoCA_sim31	A>G	703	0.114346
Prost-AdenoCA_sim31	T>G	186	0.030254
Prost-AdenoCA_sim31	G>T	461	0.074984
Prost-AdenoCA_sim31	C>A	454	0.073845
Prost-AdenoCA_sim31	A>C	207	0.033669
Prost-AdenoCA_sim32	C>T	530	0.249882
Prost-AdenoCA_sim32	C>G	54	0.025460
Prost-AdenoCA_sim32	T>A	92	0.043376
Prost-AdenoCA_sim32	G>A	578	0.272513
Prost-AdenoCA_sim32	T>C	198	0.093352
Prost-AdenoCA_sim32	G>C	57	0.026874
Prost-AdenoCA_sim32	A>T	91	0.042904
Prost-AdenoCA_sim32	A>G	230	0.108439
Prost-AdenoCA_sim32	T>G	30	0.014144
Prost-AdenoCA_sim32	G>T	110	0.051862
Prost-AdenoCA_sim32	C>A	101	0.047619
Prost-AdenoCA_sim32	A>C	50	0.023574
Prost-AdenoCA_sim33	C>T	634	0.143732
Prost-AdenoCA_sim33	C>G	133	0.030152
Prost-AdenoCA_sim33	T>A	200	0.045341
Prost-AdenoCA_sim33	G>A	623	0.141238
Prost-AdenoCA_sim33	T>C	708	0.160508
Prost-AdenoCA_sim33	G>C	169	0.038313
Prost-AdenoCA_sim33	A>T	204	0.046248
Prost-AdenoCA_sim33	A>G	759	0.172070
Prost-AdenoCA_sim33	T>G	199	0.045114
Prost-AdenoCA_sim33	G>T	257	0.058263
Prost-AdenoCA_sim33	C>A	240	0.054409
Prost-AdenoCA_sim33	A>C	285	0.064611
Prost-AdenoCA_sim34	C>T	414	0.178911
Prost-AdenoCA_sim34	C>G	81	0.035004
Prost-AdenoCA_sim34	T>A	139	0.060069
Prost-AdenoCA_sim34	G>A	442	0.191011
Prost-AdenoCA_sim34	T>C	228	0.098531
Prost-AdenoCA_sim34	G>C	106	0.045808
Prost-AdenoCA_sim34	A>T	128	0.055315
Prost-AdenoCA_sim34	A>G	243	0.105013
Prost-AdenoCA_sim34	T>G	78	0.033708
Prost-AdenoCA_sim34	G>T	183	0.079084
Prost-AdenoCA_sim34	C>A	190	0.082109
Prost-AdenoCA_sim34	A>C	82	0.035436
Prost-AdenoCA_sim35	C>T	667	0.221668
Prost-AdenoCA_sim35	C>G	118	0.039216
Prost-AdenoCA_sim35	T>A	169	0.056165
Prost-AdenoCA_sim35	G>A	676	0.224659
Prost-AdenoCA_sim35	T>C	256	0.085078
Prost-AdenoCA_sim35	G>C	114	0.037886
Prost-AdenoCA_sim35	A>T	153	0.050847
Prost-AdenoCA_sim35	A>G	298	0.099036
Prost-AdenoCA_sim35	T>G	78	0.025922
Prost-AdenoCA_sim35	G>T	215	0.071452
Prost-AdenoCA_sim35	C>A	197	0.065470
Prost-AdenoCA_sim35	A>C	68	0.022599
Prost-AdenoCA_sim36	C>T	544	0.147987
Prost-AdenoCA_sim36	C>G	157	0.042709
Prost-AdenoCA_sim36	T>A	259	0.070457
Prost-AdenoCA_sim36	G>A	617	0.167845
Prost-AdenoCA_sim36	T>C	358	0.097388
Prost-AdenoCA_sim36	G>C	169	0.045974
Prost-AdenoCA_sim36	A>T	227	0.061752
Prost-AdenoCA_sim36	A>G	347	0.094396
Prost-AdenoCA_sim36	T>G	148	0.040261
Prost-AdenoCA_sim36	G>T	363	0.098749
Prost-AdenoCA_sim36	C>A	332	0.090316
Prost-AdenoCA_sim36	A>C	155	0.042165
Prost-AdenoCA_sim37	C>T	217	0.208253
Prost-AdenoCA_sim37	C>G	38	0.036468
Prost-AdenoCA_sim37	T>A	48	0.046065
Prost-AdenoCA_sim37	G>A	265	0.254319
Prost-AdenoCA_sim37	T>C	100	0.095969
Prost-AdenoCA_sim37	G>C	41	0.039347
Prost-AdenoCA_sim37	A>T	52	0.049904
Prost-AdenoCA_sim37	A>G	100	0.095969
Prost-AdenoCA_sim37	T>G	24	0.023033
Prost-AdenoCA_sim37	G>T	65	0.062380
Prost-AdenoCA_sim37	C>A	66	0.063340
Prost-AdenoCA_sim37	A>C	26	0.024952
Prost-AdenoCA_sim38	C>T	499	0.178981
Prost-AdenoCA_sim38	C>G	85	0.030488
Prost-AdenoCA_sim38	T>A	173	0.062052
Prost-AdenoCA_sim38	G>A	574	0.205882
Prost-AdenoCA_sim38	T>C	243	0.087159
Prost-AdenoCA_sim38	G>C	141	0.050574
Prost-AdenoCA_sim38	A>T	153	0.054878
Prost-AdenoCA_sim38	A>G	209	0.074964
Prost-AdenoCA_sim38	T>G	99	0.035509
Prost-AdenoCA_sim38	G>T	272	0.097561
Prost-AdenoCA_sim38	C>A	246	0.088235
Prost-AdenoCA_sim38	A>C	94	0.033716
Prost-AdenoCA_sim39	C>T	465	0.153516
Prost-AdenoCA_sim39	C>G	115	0.037966
Prost-AdenoCA_sim39	T>A	194	0.064048
Prost-AdenoCA_sim39	G>A	511	0.168703
Prost-AdenoCA_sim39	T>C	330	0.108947
Prost-AdenoCA_sim39	G>C	115	0.037966
Prost-AdenoCA_sim39	A>T	175	0.057775
Prost-AdenoCA_sim39	A>G	308	0.101684
Prost-AdenoCA_sim39	T>G	108	0.035655
Prost-AdenoCA_sim39	G>T	303	0.100033
Prost-AdenoCA_sim39	C>A	271	0.089468
Prost-AdenoCA_sim39	A>C	134	0.044239
Prost-AdenoCA_sim3	C>T	575	0.117299
Prost-AdenoCA_sim3	C>G	130	0.026520
Prost-AdenoCA_sim3	T>A	225	0.045900
Prost-AdenoCA_sim3	G>A	585	0.119339
Prost-AdenoCA_sim3	T>C	949	0.193594
Prost-AdenoCA_sim3	G>C	207	0.042228
Prost-AdenoCA_sim3	A>T	243	0.049572
Prost-AdenoCA_sim3	A>G	924	0.188494
Prost-AdenoCA_sim3	T>G	263	0.053652
Prost-AdenoCA_sim3	G>T	253	0.051612
Prost-AdenoCA_sim3	C>A	228	0.046512
Prost-AdenoCA_sim3	A>C	320	0.065279
Prost-AdenoCA_sim40	C>T	281	0.185479
Prost-AdenoCA_sim40	C>G	51	0.033663
Prost-AdenoCA_sim40	T>A	95	0.062706
Prost-AdenoCA_sim40	G>A	284	0.187459
Prost-AdenoCA_sim40	T>C	154	0.101650
Prost-AdenoCA_sim40	G>C	71	0.046865
Prost-AdenoCA_sim40	A>T	80	0.052805
Prost-AdenoCA_sim40	A>G	146	0.096370
Prost-AdenoCA_sim40	T>G	45	0.029703
Prost-AdenoCA_sim40	G>T	141	0.093069
Prost-AdenoCA_sim40	C>A	115	0.075908
Prost-AdenoCA_sim40	A>C	52	0.034323
Prost-AdenoCA_sim41	C>T	656	0.195938
Prost-AdenoCA_sim41	C>G	118	0.035245
Prost-AdenoCA_sim41	T>A	208	0.062127
Prost-AdenoCA_sim41	G>A	645	0.192652
Prost-AdenoCA_sim41	T>C	279	0.083333
Prost-AdenoCA_sim41	G>C	151	0.045102
Prost-AdenoCA_sim41	A>T	178	0.053166
Prost-AdenoCA_sim41	A>G	295	0.088112
Prost-AdenoCA_sim41	T>G	108	0.032258
Prost-AdenoCA_sim41	G>T	319	0.095281
Prost-AdenoCA_sim41	C>A	273	0.081541
Prost-AdenoCA_sim41	A>C	118	0.035245
Prost-AdenoCA_sim42	C>T	240	0.255591
Prost-AdenoCA_sim42	C>G	31	0.033014
Prost-AdenoCA_sim42	T>A	50	0.053248
Prost-AdenoCA_sim42	G>A	214	0.227902
Prost-AdenoCA_sim42	T>C	84	0.089457
Prost-AdenoCA_sim42	G>C	39	0.041534
Prost-AdenoCA_sim42	A>T	32	0.034079
Prost-AdenoCA_sim42	A>G	59	0.062833
Prost-AdenoCA_sim42	T>G	28	0.029819
Prost-AdenoCA_sim42	G>T	77	0.082002
Prost-AdenoCA_sim42	C>A	61	0.064963
Prost-AdenoCA_sim42	A>C	24	0.025559
Prost-AdenoCA_sim43	C>T	615	0.186987
Prost-AdenoCA_sim43	C>G	129	0.039222
Prost-AdenoCA_sim43	T>A	200	0.060809
Prost-AdenoCA_sim43	G>A	635	0.193068
Prost-AdenoCA_sim43	T>C	330	0.100334
Prost-AdenoCA_sim43	G>C	146	0.044390
Prost-AdenoCA_sim43	A>T	177	0.053816
Prost-AdenoCA_sim43	A>G	328	0.099726
Prost-AdenoCA_sim43	T>G	92	0.027972
Prost-AdenoCA_sim43	G>T	266	0.080876
Prost-AdenoCA_sim43	C>A	248	0.075403
Prost-AdenoCA_sim43	A>C	123	0.037397
Prost-AdenoCA_sim44	C>T	622	0.193709
Prost-AdenoCA_sim44	C>G	112	0.034880
Prost-AdenoCA_sim44	T>A	229	0.071317
Prost-AdenoCA_sim44	G>A	678	0.211149
Prost-AdenoCA_sim44	T>C	290	0.090315
Prost-AdenoCA_sim44	G>C	150	0.046714
Prost-AdenoCA_sim44	A>T	171	0.053254
Prost-AdenoCA_sim44	A>G	261	0.081283
Prost-AdenoCA_sim44	T>G	103	0.032077
Prost-AdenoCA_sim44	G>T	244	0.075989
Prost-AdenoCA_sim44	C>A	252	0.078480
Prost-AdenoCA_sim44	A>C	99	0.030832
Prost-AdenoCA_sim45	C>T	357	0.165969
Prost-AdenoCA_sim45	C>G	96	0.044630
Prost-AdenoCA_sim45	T>A	145	0.067411
Prost-AdenoCA_sim45	G>A	411	0.191074
Prost-AdenoCA_sim45	T>C	182	0.084612
Prost-AdenoCA_sim45	G>C	103	0.047885
Prost-AdenoCA_sim45	A>T	132	0.061367
Prost-AdenoCA_sim45	A>G	190	0.088331
Prost-AdenoCA_sim45	T>G	63	0.029289
Prost-AdenoCA_sim45	G>T	215	0.099954
Prost-AdenoCA_sim45	C>A	183	0.085077
Prost-AdenoCA_sim45	A>C	74	0.034403
Prost-AdenoCA_sim46	C>T	475	0.186056
Prost-AdenoCA_sim46	C>G	82	0.032119
Prost-AdenoCA_sim46	T>A	140	0.054837
Prost-AdenoCA_sim46	G>A	522	0.204465
Prost-AdenoCA_sim46	T>C	227	0.088915
Prost-AdenoCA_sim46	G>C	101	0.039561
Prost-AdenoCA_sim46	A>T	154	0.060321
Prost-AdenoCA_sim46	A>G	262	0.102624
Prost-AdenoCA_sim46	T>G	62	0.024285
Prost-AdenoCA_sim46	G>T	238	0.093224
Prost-AdenoCA_sim46	C>A	214	0.083823
Prost-AdenoCA_sim46	A>C	76	0.029769
Prost-AdenoCA_sim47	C>T	630	0.173029
Prost-AdenoCA_sim47	C>G	118	0.032409
Prost-AdenoCA_sim47	T>A	286	0.078550
Prost-AdenoCA_sim47	G>A	666	0.182917
Prost-AdenoCA_sim47	T>C	262	0.071958
Prost-AdenoCA_sim47	G>C	130	0.035704
Prost-AdenoCA_sim47	A>T	313	0.085965
Prost-AdenoCA_sim47	A>G	289	0.079374
Prost-AdenoCA_sim47	T>G	86	0.023620
Prost-AdenoCA_sim47	G>T	417	0.114529
Prost-AdenoCA_sim47	C>A	341	0.093656
Prost-AdenoCA_sim47	A>C	103	0.028289
Prost-AdenoCA_sim48	C>T	1219	0.148261
Prost-AdenoCA_sim48	C>G	351	0.042690
Prost-AdenoCA_sim48	T>A	528	0.064218
Prost-AdenoCA_sim48	G>A	1319	0.160423
Prost-AdenoCA_sim48	T>C	793	0.096449
Prost-AdenoCA_sim48	G>C	416	0.050596
Prost-AdenoCA_sim48	A>T	577	0.070178
Prost-AdenoCA_sim48	A>G	751	0.091340
Prost-AdenoCA_sim48	T>G	317	0.038555
Prost-AdenoCA_sim48	G>T	826	0.100462
Prost-AdenoCA_sim48	C>A	763	0.092800
Prost-AdenoCA_sim48	A>C	362	0.044028
Prost-AdenoCA_sim49	C>T	798	0.134638
Prost-AdenoCA_sim49	C>G	207	0.034925
Prost-AdenoCA_sim49	T>A	291	0.049097
Prost-AdenoCA_sim49	G>A	922	0.155559
Prost-AdenoCA_sim49	T>C	868	0.146448
Prost-AdenoCA_sim49	G>C	252	0.042517
Prost-AdenoCA_sim49	A>T	290	0.048929
Prost-AdenoCA_sim49	A>G	906	0.152860
Prost-AdenoCA_sim49	T>G	272	0.045892
Prost-AdenoCA_sim49	G>T	403	0.067994
Prost-AdenoCA_sim49	C>A	395	0.066644
Prost-AdenoCA_sim49	A>C	323	0.054496
Prost-AdenoCA_sim4	C>T	6545	0.120109
Prost-AdenoCA_sim4	C>G	2204	0.040446
Prost-AdenoCA_sim4	T>A	4637	0.085095
Prost-AdenoCA_sim4	G>A	7003	0.128514
Prost-AdenoCA_sim4	T>C	4366	0.080122
Prost-AdenoCA_sim4	G>C	2501	0.045897
Prost-AdenoCA_sim4	A>T	4988	0.091536
Prost-AdenoCA_sim4	A>G	4575	0.083957
Prost-AdenoCA_sim4	T>G	1881	0.034519
Prost-AdenoCA_sim4	G>T	7327	0.134460
Prost-AdenoCA_sim4	C>A	6542	0.120054
Prost-AdenoCA_sim4	A>C	1923	0.035290
Prost-AdenoCA_sim50	C>T	420	0.139119
Prost-AdenoCA_sim50	C>G	114	0.037761
Prost-AdenoCA_sim50	T>A	213	0.070553
Prost-AdenoCA_sim50	G>A	431	0.142763
Prost-AdenoCA_sim50	T>C	312	0.103345
Prost-AdenoCA_sim50	G>C	168	0.055648
Prost-AdenoCA_sim50	A>T	205	0.067903
Prost-AdenoCA_sim50	A>G	300	0.099371
Prost-AdenoCA_sim50	T>G	108	0.035773
Prost-AdenoCA_sim50	G>T	337	0.111626
Prost-AdenoCA_sim50	C>A	273	0.090427
Prost-AdenoCA_sim50	A>C	138	0.045711
Prost-AdenoCA_sim51	C>T	1750	0.143149
Prost-AdenoCA_sim51	C>G	562	0.045971
Prost-AdenoCA_sim51	T>A	787	0.064376
Prost-AdenoCA_sim51	G>A	1897	0.155174
Prost-AdenoCA_sim51	T>C	1134	0.092761
Prost-AdenoCA_sim51	G>C	649	0.053088
Prost-AdenoCA_sim51	A>T	702	0.057423
Prost-AdenoCA_sim51	A>G	1166	0.095378
Prost-AdenoCA_sim51	T>G	487	0.039836
Prost-AdenoCA_sim51	G>T	1331	0.108875
Prost-AdenoCA_sim51	C>A	1215	0.099387
Prost-AdenoCA_sim51	A>C	545	0.044581
Prost-AdenoCA_sim52	C>T	565	0.176673
Prost-AdenoCA_sim52	C>G	125	0.039087
Prost-AdenoCA_sim52	T>A	207	0.064728
Prost-AdenoCA_sim52	G>A	649	0.202939
Prost-AdenoCA_sim52	T>C	305	0.095372
Prost-AdenoCA_sim52	G>C	134	0.041901
Prost-AdenoCA_sim52	A>T	176	0.055034
Prost-AdenoCA_sim52	A>G	287	0.089744
Prost-AdenoCA_sim52	T>G	106	0.033146
Prost-AdenoCA_sim52	G>T	277	0.086617
Prost-AdenoCA_sim52	C>A	257	0.080363
Prost-AdenoCA_sim52	A>C	110	0.034396
Prost-AdenoCA_sim53	C>T	1147	0.159527
Prost-AdenoCA_sim53	C>G	310	0.043115
Prost-AdenoCA_sim53	T>A	447	0.062170
Prost-AdenoCA_sim53	G>A	1169	0.162587
Prost-AdenoCA_sim53	T>C	708	0.098470
Prost-AdenoCA_sim53	G>C	375	0.052156
Prost-AdenoCA_sim53	A>T	431	0.059944
Prost-AdenoCA_sim53	A>G	653	0.090821
Prost-AdenoCA_sim53	T>G	293	0.040751
Prost-AdenoCA_sim53	G>T	732	0.101808
Prost-AdenoCA_sim53	C>A	651	0.090542
Prost-AdenoCA_sim53	A>C	274	0.038108
Prost-AdenoCA_sim54	C>T	686	0.178460
Prost-AdenoCA_sim54	C>G	155	0.040323
Prost-AdenoCA_sim54	T>A	212	0.055151
Prost-AdenoCA_sim54	G>A	744	0.193548
Prost-AdenoCA_sim54	T>C	344	0.089490
Prost-AdenoCA_sim54	G>C	185	0.048127
Prost-AdenoCA_sim54	A>T	227	0.059053
Prost-AdenoCA_sim54	A>G	312	0.081165
Prost-AdenoCA_sim54	T>G	116	0.030177
Prost-AdenoCA_sim54	G>T	355	0.092352
Prost-AdenoCA_sim54	C>A	354	0.092092
Prost-AdenoCA_sim54	A>C	154	0.040062
Prost-AdenoCA_sim55	C>T	642	0.202268
Prost-AdenoCA_sim55	C>G	97	0.030561
Prost-AdenoCA_sim55	T>A	182	0.057341
Prost-AdenoCA_sim55	G>A	685	0.215816
Prost-AdenoCA_sim55	T>C	288	0.090737
Prost-AdenoCA_sim55	G>C	113	0.035602
Prost-AdenoCA_sim55	A>T	172	0.054190
Prost-AdenoCA_sim55	A>G	253	0.079710
Prost-AdenoCA_sim55	T>G	116	0.036547
Prost-AdenoCA_sim55	G>T	275	0.086641
Prost-AdenoCA_sim55	C>A	259	0.081601
Prost-AdenoCA_sim55	A>C	92	0.028986
Prost-AdenoCA_sim56	C>T	262	0.273486
Prost-AdenoCA_sim56	C>G	27	0.028184
Prost-AdenoCA_sim56	T>A	53	0.055324
Prost-AdenoCA_sim56	G>A	284	0.296451
Prost-AdenoCA_sim56	T>C	47	0.049061
Prost-AdenoCA_sim56	G>C	37	0.038622
Prost-AdenoCA_sim56	A>T	34	0.035491
Prost-AdenoCA_sim56	A>G	64	0.066806
Prost-AdenoCA_sim56	T>G	24	0.025052
Prost-AdenoCA_sim56	G>T	55	0.057411
Prost-AdenoCA_sim56	C>A	50	0.052192
Prost-AdenoCA_sim56	A>C	21	0.021921
Prost-AdenoCA_sim57	C>T	723	0.172636
Prost-AdenoCA_sim57	C>G	170	0.040592
Prost-AdenoCA_sim57	T>A	268	0.063992
Prost-AdenoCA_sim57	G>A	714	0.170487
Prost-AdenoCA_sim57	T>C	393	0.093840
Prost-AdenoCA_sim57	G>C	193	0.046084
Prost-AdenoCA_sim57	A>T	246	0.058739
Prost-AdenoCA_sim57	A>G	398	0.095033
Prost-AdenoCA_sim57	T>G	149	0.035578
Prost-AdenoCA_sim57	G>T	393	0.093840
Prost-AdenoCA_sim57	C>A	391	0.093362
Prost-AdenoCA_sim57	A>C	150	0.035817
Prost-AdenoCA_sim58	C>T	749	0.192743
Prost-AdenoCA_sim58	C>G	158	0.040659
Prost-AdenoCA_sim58	T>A	236	0.060731
Prost-AdenoCA_sim58	G>A	734	0.188883
Prost-AdenoCA_sim58	T>C	362	0.093155
Prost-AdenoCA_sim58	G>C	189	0.048636
Prost-AdenoCA_sim58	A>T	210	0.054040
Prost-AdenoCA_sim58	A>G	357	0.091868
Prost-AdenoCA_sim58	T>G	121	0.031137
Prost-AdenoCA_sim58	G>T	333	0.085692
Prost-AdenoCA_sim58	C>A	304	0.078230
Prost-AdenoCA_sim58	A>C	133	0.034225
Prost-AdenoCA_sim59	C>T	612	0.114822
Prost-AdenoCA_sim59	C>G	152	0.028518
Prost-AdenoCA_sim59	T>A	244	0.045779
Prost-AdenoCA_sim59	G>A	656	0.123077
Prost-AdenoCA_sim59	T>C	974	0.182739
Prost-AdenoCA_sim59	G>C	238	0.044653
Prost-AdenoCA_sim59	A>T	212	0.039775
Prost-AdenoCA_sim59	A>G	1038	0.194747
Prost-AdenoCA_sim59	T>G	286	0.053659
Prost-AdenoCA_sim59	G>T	305	0.057223
Prost-AdenoCA_sim59	C>A	273	0.051220
Prost-AdenoCA_sim59	A>C	340	0.063790
Prost-AdenoCA_sim5	C>T	484	0.204478
Prost-AdenoCA_sim5	C>G	80	0.033798
Prost-AdenoCA_sim5	T>A	141	0.059569
Prost-AdenoCA_sim5	G>A	535	0.226025
Prost-AdenoCA_sim5	T>C	188	0.079425
Prost-AdenoCA_sim5	G>C	97	0.040980
Prost-AdenoCA_sim5	A>T	122	0.051542
Prost-AdenoCA_sim5	A>G	189	0.079848
Prost-AdenoCA_sim5	T>G	66	0.027883
Prost-AdenoCA_sim5	G>T	207	0.087452
Prost-AdenoCA_sim5	C>A	194	0.081960
Prost-AdenoCA_sim5	A>C	64	0.027038
Prost-AdenoCA_sim60	C>T	419	0.234997
Prost-AdenoCA_sim60	C>G	62	0.034773
Prost-AdenoCA_sim60	T>A	77	0.043186
Prost-AdenoCA_sim60	G>A	464	0.260236
Prost-AdenoCA_sim60	T>C	147	0.082445
Prost-AdenoCA_sim60	G>C	81	0.045429
Prost-AdenoCA_sim60	A>T	79	0.044307
Prost-AdenoCA_sim60	A>G	136	0.076276
Prost-AdenoCA_sim60	T>G	33	0.018508
Prost-AdenoCA_sim60	G>T	117	0.065620
Prost-AdenoCA_sim60	C>A	113	0.063376
Prost-AdenoCA_sim60	A>C	55	0.030847
Prost-AdenoCA_sim61	C>T	1606	0.138329
Prost-AdenoCA_sim61	C>G	520	0.044789
Prost-AdenoCA_sim61	T>A	741	0.063824
Prost-AdenoCA_sim61	G>A	1810	0.155900
Prost-AdenoCA_sim61	T>C	1072	0.092334
Prost-AdenoCA_sim61	G>C	641	0.055211
Prost-AdenoCA_sim61	A>T	761	0.065547
Prost-AdenoCA_sim61	A>G	1101	0.094832
Prost-AdenoCA_sim61	T>G	495	0.042636
Prost-AdenoCA_sim61	G>T	1249	0.107580
Prost-AdenoCA_sim61	C>A	1135	0.097761
Prost-AdenoCA_sim61	A>C	479	0.041258
Prost-AdenoCA_sim62	C>T	196	0.150192
Prost-AdenoCA_sim62	C>G	50	0.038314
Prost-AdenoCA_sim62	T>A	85	0.065134
Prost-AdenoCA_sim62	G>A	189	0.144828
Prost-AdenoCA_sim62	T>C	160	0.122605
Prost-AdenoCA_sim62	G>C	62	0.047510
Prost-AdenoCA_sim62	A>T	81	0.062069
Prost-AdenoCA_sim62	A>G	142	0.108812
Prost-AdenoCA_sim62	T>G	52	0.039847
Prost-AdenoCA_sim62	G>T	120	0.091954
Prost-AdenoCA_sim62	C>A	126	0.096552
Prost-AdenoCA_sim62	A>C	42	0.032184
Prost-AdenoCA_sim63	C>T	669	0.205467
Prost-AdenoCA_sim63	C>G	128	0.039312
Prost-AdenoCA_sim63	T>A	176	0.054054
Prost-AdenoCA_sim63	G>A	662	0.203317
Prost-AdenoCA_sim63	T>C	315	0.096744
Prost-AdenoCA_sim63	G>C	139	0.042690
Prost-AdenoCA_sim63	A>T	189	0.058047
Prost-AdenoCA_sim63	A>G	272	0.083538
Prost-AdenoCA_sim63	T>G	110	0.033784
Prost-AdenoCA_sim63	G>T	253	0.077703
Prost-AdenoCA_sim63	C>A	238	0.073096
Prost-AdenoCA_sim63	A>C	105	0.032248
Prost-AdenoCA_sim64	C>T	586	0.207067
Prost-AdenoCA_sim64	C>G	96	0.033922
Prost-AdenoCA_sim64	T>A	160	0.056537
Prost-AdenoCA_sim64	G>A	688	0.243110
Prost-AdenoCA_sim64	T>C	238	0.084099
Prost-AdenoCA_sim64	G>C	109	0.038516
Prost-AdenoCA_sim64	A>T	144	0.050883
Prost-AdenoCA_sim64	A>G	262	0.092580
Prost-AdenoCA_sim64	T>G	79	0.027915
Prost-AdenoCA_sim64	G>T	196	0.069258
Prost-AdenoCA_sim64	C>A	186	0.065724
Prost-AdenoCA_sim64	A>C	86	0.030389
Prost-AdenoCA_sim65	C>T	759	0.144434
Prost-AdenoCA_sim65	C>G	240	0.045671
Prost-AdenoCA_sim65	T>A	314	0.059753
Prost-AdenoCA_sim65	G>A	888	0.168982
Prost-AdenoCA_sim65	T>C	529	0.100666
Prost-AdenoCA_sim65	G>C	254	0.048335
Prost-AdenoCA_sim65	A>T	327	0.062226
Prost-AdenoCA_sim65	A>G	521	0.099144
Prost-AdenoCA_sim65	T>G	191	0.036346
Prost-AdenoCA_sim65	G>T	542	0.103140
Prost-AdenoCA_sim65	C>A	484	0.092103
Prost-AdenoCA_sim65	A>C	206	0.039201
Prost-AdenoCA_sim66	C>T	478	0.163699
Prost-AdenoCA_sim66	C>G	96	0.032877
Prost-AdenoCA_sim66	T>A	233	0.079795
Prost-AdenoCA_sim66	G>A	536	0.183562
Prost-AdenoCA_sim66	T>C	237	0.081164
Prost-AdenoCA_sim66	G>C	98	0.033562
Prost-AdenoCA_sim66	A>T	257	0.088014
Prost-AdenoCA_sim66	A>G	258	0.088356
Prost-AdenoCA_sim66	T>G	57	0.019521
Prost-AdenoCA_sim66	G>T	310	0.106164
Prost-AdenoCA_sim66	C>A	296	0.101370
Prost-AdenoCA_sim66	A>C	64	0.021918
Prost-AdenoCA_sim67	C>T	635	0.225577
Prost-AdenoCA_sim67	C>G	109	0.038721
Prost-AdenoCA_sim67	T>A	172	0.061101
Prost-AdenoCA_sim67	G>A	634	0.225222
Prost-AdenoCA_sim67	T>C	223	0.079218
Prost-AdenoCA_sim67	G>C	110	0.039076
Prost-AdenoCA_sim67	A>T	117	0.041563
Prost-AdenoCA_sim67	A>G	187	0.066430
Prost-AdenoCA_sim67	T>G	74	0.026288
Prost-AdenoCA_sim67	G>T	222	0.078863
Prost-AdenoCA_sim67	C>A	233	0.082771
Prost-AdenoCA_sim67	A>C	99	0.035169
Prost-AdenoCA_sim68	C>T	466	0.187676
Prost-AdenoCA_sim68	C>G	87	0.035038
Prost-AdenoCA_sim68	T>A	122	0.049134
Prost-AdenoCA_sim68	G>A	550	0.221506
Prost-AdenoCA_sim68	T>C	220	0.088602
Prost-AdenoCA_sim68	G>C	90	0.036246
Prost-AdenoCA_sim68	A>T	135	0.054370
Prost-AdenoCA_sim68	A>G	237	0.095449
Prost-AdenoCA_sim68	T>G	81	0.032622
Prost-AdenoCA_sim68	G>T	223	0.089811
Prost-AdenoCA_sim68	C>A	196	0.078937
Prost-AdenoCA_sim68	A>C	76	0.030608
Prost-AdenoCA_sim69	C>T	1809	0.140647
Prost-AdenoCA_sim69	C>G	581	0.045172
Prost-AdenoCA_sim69	T>A	863	0.067097
Prost-AdenoCA_sim69	G>A	1874	0.145701
Prost-AdenoCA_sim69	T>C	1178	0.091588
Prost-AdenoCA_sim69	G>C	715	0.055590
Prost-AdenoCA_sim69	A>T	802	0.062354
Prost-AdenoCA_sim69	A>G	1189	0.092443
Prost-AdenoCA_sim69	T>G	491	0.038174
Prost-AdenoCA_sim69	G>T	1453	0.112968
Prost-AdenoCA_sim69	C>A	1347	0.104727
Prost-AdenoCA_sim69	A>C	560	0.043539
Prost-AdenoCA_sim6	C>T	4997	0.177526
Prost-AdenoCA_sim6	C>G	1135	0.040323
Prost-AdenoCA_sim6	T>A	1737	0.061710
Prost-AdenoCA_sim6	G>A	5404	0.191985
Prost-AdenoCA_sim6	T>C	2374	0.084340
Prost-AdenoCA_sim6	G>C	1379	0.048991
Prost-AdenoCA_sim6	A>T	1687	0.059933
Prost-AdenoCA_sim6	A>G	2279	0.080965
Prost-AdenoCA_sim6	T>G	926	0.032898
Prost-AdenoCA_sim6	G>T	2626	0.093293
Prost-AdenoCA_sim6	C>A	2571	0.091339
Prost-AdenoCA_sim6	A>C	1033	0.036699
Prost-AdenoCA_sim70	C>T	279	0.138119
Prost-AdenoCA_sim70	C>G	84	0.041584
Prost-AdenoCA_sim70	T>A	137	0.067822
Prost-AdenoCA_sim70	G>A	350	0.173267
Prost-AdenoCA_sim70	T>C	205	0.101485
Prost-AdenoCA_sim70	G>C	114	0.056436
Prost-AdenoCA_sim70	A>T	142	0.070297
Prost-AdenoCA_sim70	A>G	192	0.095050
Prost-AdenoCA_sim70	T>G	65	0.032178
Prost-AdenoCA_sim70	G>T	194	0.096040
Prost-AdenoCA_sim70	C>A	166	0.082178
Prost-AdenoCA_sim70	A>C	92	0.045545
Prost-AdenoCA_sim71	C>T	937	0.183653
Prost-AdenoCA_sim71	C>G	191	0.037436
Prost-AdenoCA_sim71	T>A	297	0.058212
Prost-AdenoCA_sim71	G>A	988	0.193650
Prost-AdenoCA_sim71	T>C	505	0.098981
Prost-AdenoCA_sim71	G>C	237	0.046452
Prost-AdenoCA_sim71	A>T	280	0.054880
Prost-AdenoCA_sim71	A>G	505	0.098981
Prost-AdenoCA_sim71	T>G	154	0.030184
Prost-AdenoCA_sim71	G>T	436	0.085457
Prost-AdenoCA_sim71	C>A	401	0.078597
Prost-AdenoCA_sim71	A>C	171	0.033516
Prost-AdenoCA_sim72	C>T	335	0.163814
Prost-AdenoCA_sim72	C>G	82	0.040098
Prost-AdenoCA_sim72	T>A	124	0.060636
Prost-AdenoCA_sim72	G>A	376	0.183863
Prost-AdenoCA_sim72	T>C	190	0.092910
Prost-AdenoCA_sim72	G>C	94	0.045966
Prost-AdenoCA_sim72	A>T	124	0.060636
Prost-AdenoCA_sim72	A>G	200	0.097800
Prost-AdenoCA_sim72	T>G	69	0.033741
Prost-AdenoCA_sim72	G>T	203	0.099267
Prost-AdenoCA_sim72	C>A	164	0.080196
Prost-AdenoCA_sim72	A>C	84	0.041076
Prost-AdenoCA_sim73	C>T	534	0.159451
Prost-AdenoCA_sim73	C>G	122	0.036429
Prost-AdenoCA_sim73	T>A	188	0.056136
Prost-AdenoCA_sim73	G>A	567	0.169304
Prost-AdenoCA_sim73	T>C	315	0.094058
Prost-AdenoCA_sim73	G>C	176	0.052553
Prost-AdenoCA_sim73	A>T	217	0.064795
Prost-AdenoCA_sim73	A>G	318	0.094954
Prost-AdenoCA_sim73	T>G	112	0.033443
Prost-AdenoCA_sim73	G>T	363	0.108391
Prost-AdenoCA_sim73	C>A	304	0.090773
Prost-AdenoCA_sim73	A>C	133	0.039713
Prost-AdenoCA_sim74	C>T	654	0.186537
Prost-AdenoCA_sim74	C>G	116	0.033086
Prost-AdenoCA_sim74	T>A	213	0.060753
Prost-AdenoCA_sim74	G>A	674	0.192242
Prost-AdenoCA_sim74	T>C	295	0.084141
Prost-AdenoCA_sim74	G>C	173	0.049344
Prost-AdenoCA_sim74	A>T	197	0.056189
Prost-AdenoCA_sim74	A>G	296	0.084427
Prost-AdenoCA_sim74	T>G	122	0.034797
Prost-AdenoCA_sim74	G>T	334	0.095265
Prost-AdenoCA_sim74	C>A	301	0.085853
Prost-AdenoCA_sim74	A>C	131	0.037365
Prost-AdenoCA_sim75	C>T	579	0.194035
Prost-AdenoCA_sim75	C>G	106	0.035523
Prost-AdenoCA_sim75	T>A	181	0.060657
Prost-AdenoCA_sim75	G>A	582	0.195040
Prost-AdenoCA_sim75	T>C	272	0.091153
Prost-AdenoCA_sim75	G>C	134	0.044906
Prost-AdenoCA_sim75	A>T	170	0.056971
Prost-AdenoCA_sim75	A>G	270	0.090483
Prost-AdenoCA_sim75	T>G	106	0.035523
Prost-AdenoCA_sim75	G>T	280	0.093834
Prost-AdenoCA_sim75	C>A	199	0.066689
Prost-AdenoCA_sim75	A>C	105	0.035188
Prost-AdenoCA_sim76	C>T	620	0.093797
Prost-AdenoCA_sim76	C>G	217	0.032829
Prost-AdenoCA_sim76	T>A	308	0.046596
Prost-AdenoCA_sim76	G>A	651	0.098487
Prost-AdenoCA_sim76	T>C	1294	0.195764
Prost-AdenoCA_sim76	G>C	275	0.041604
Prost-AdenoCA_sim76	A>T	336	0.050832
Prost-AdenoCA_sim76	A>G	1328	0.200908
Prost-AdenoCA_sim76	T>G	378	0.057186
Prost-AdenoCA_sim76	G>T	377	0.057035
Prost-AdenoCA_sim76	C>A	355	0.053707
Prost-AdenoCA_sim76	A>C	471	0.071256
Prost-AdenoCA_sim77	C>T	387	0.184374
Prost-AdenoCA_sim77	C>G	68	0.032396
Prost-AdenoCA_sim77	T>A	122	0.058123
Prost-AdenoCA_sim77	G>A	387	0.184374
Prost-AdenoCA_sim77	T>C	189	0.090043
Prost-AdenoCA_sim77	G>C	105	0.050024
Prost-AdenoCA_sim77	A>T	132	0.062887
Prost-AdenoCA_sim77	A>G	177	0.084326
Prost-AdenoCA_sim77	T>G	74	0.035255
Prost-AdenoCA_sim77	G>T	195	0.092901
Prost-AdenoCA_sim77	C>A	200	0.095283
Prost-AdenoCA_sim77	A>C	63	0.030014
Prost-AdenoCA_sim78	C>T	650	0.104250
Prost-AdenoCA_sim78	C>G	210	0.033681
Prost-AdenoCA_sim78	T>A	229	0.036728
Prost-AdenoCA_sim78	G>A	679	0.108901
Prost-AdenoCA_sim78	T>C	1234	0.197915
Prost-AdenoCA_sim78	G>C	252	0.040417
Prost-AdenoCA_sim78	A>T	283	0.045389
Prost-AdenoCA_sim78	A>G	1309	0.209944
Prost-AdenoCA_sim78	T>G	378	0.060626
Prost-AdenoCA_sim78	G>T	337	0.054050
Prost-AdenoCA_sim78	C>A	271	0.043464
Prost-AdenoCA_sim78	A>C	403	0.064635
Prost-AdenoCA_sim79	C>T	743	0.246434
Prost-AdenoCA_sim79	C>G	88	0.029187
Prost-AdenoCA_sim79	T>A	124	0.041128
Prost-AdenoCA_sim79	G>A	707	0.234494
Prost-AdenoCA_sim79	T>C	340	0.112769
Prost-AdenoCA_sim79	G>C	81	0.026866
Prost-AdenoCA_sim79	A>T	133	0.044113
Prost-AdenoCA_sim79	A>G	350	0.116086
Prost-AdenoCA_sim79	T>G	72	0.023881
Prost-AdenoCA_sim79	G>T	179	0.059370
Prost-AdenoCA_sim79	C>A	130	0.043118
Prost-AdenoCA_sim79	A>C	68	0.022554
Prost-AdenoCA_sim7	C>T	447	0.199911
Prost-AdenoCA_sim7	C>G	86	0.038462
Prost-AdenoCA_sim7	T>A	142	0.063506
Prost-AdenoCA_sim7	G>A	492	0.220036
Prost-AdenoCA_sim7	T>C	188	0.084079
Prost-AdenoCA_sim7	G>C	91	0.040698
Prost-AdenoCA_sim7	A>T	122	0.054562
Prost-AdenoCA_sim7	A>G	182	0.081395
Prost-AdenoCA_sim7	T>G	87	0.038909
Prost-AdenoCA_sim7	G>T	174	0.077818
Prost-AdenoCA_sim7	C>A	153	0.068426
Prost-AdenoCA_sim7	A>C	72	0.032200
Prost-AdenoCA_sim80	C>T	852	0.215206
Prost-AdenoCA_sim80	C>G	119	0.030058
Prost-AdenoCA_sim80	T>A	245	0.061884
Prost-AdenoCA_sim80	G>A	855	0.215964
Prost-AdenoCA_sim80	T>C	323	0.081586
Prost-AdenoCA_sim80	G>C	131	0.033089
Prost-AdenoCA_sim80	A>T	295	0.074514
Prost-AdenoCA_sim80	A>G	358	0.090427
Prost-AdenoCA_sim80	T>G	75	0.018944
Prost-AdenoCA_sim80	G>T	342	0.086385
Prost-AdenoCA_sim80	C>A	281	0.070978
Prost-AdenoCA_sim80	A>C	83	0.020965
Prost-AdenoCA_sim81	C>T	492	0.099234
Prost-AdenoCA_sim81	C>G	159	0.032069
Prost-AdenoCA_sim81	T>A	222	0.044776
Prost-AdenoCA_sim81	G>A	529	0.106696
Prost-AdenoCA_sim81	T>C	931	0.187777
Prost-AdenoCA_sim81	G>C	222	0.044776
Prost-AdenoCA_sim81	A>T	234	0.047196
Prost-AdenoCA_sim81	A>G	956	0.192820
Prost-AdenoCA_sim81	T>G	269	0.054256
Prost-AdenoCA_sim81	G>T	350	0.070593
Prost-AdenoCA_sim81	C>A	243	0.049012
Prost-AdenoCA_sim81	A>C	351	0.070795
Prost-AdenoCA_sim82	C>T	1029	0.166883
Prost-AdenoCA_sim82	C>G	256	0.041518
Prost-AdenoCA_sim82	T>A	365	0.059196
Prost-AdenoCA_sim82	G>A	1080	0.175154
Prost-AdenoCA_sim82	T>C	552	0.089523
Prost-AdenoCA_sim82	G>C	294	0.047681
Prost-AdenoCA_sim82	A>T	370	0.060006
Prost-AdenoCA_sim82	A>G	559	0.090658
Prost-AdenoCA_sim82	T>G	214	0.034706
Prost-AdenoCA_sim82	G>T	614	0.099578
Prost-AdenoCA_sim82	C>A	591	0.095848
Prost-AdenoCA_sim82	A>C	242	0.039247
Prost-AdenoCA_sim83	C>T	429	0.197332
Prost-AdenoCA_sim83	C>G	75	0.034499
Prost-AdenoCA_sim83	T>A	116	0.053358
Prost-AdenoCA_sim83	G>A	512	0.235511
Prost-AdenoCA_sim83	T>C	189	0.086937
Prost-AdenoCA_sim83	G>C	90	0.041398
Prost-AdenoCA_sim83	A>T	119	0.054738
Prost-AdenoCA_sim83	A>G	194	0.089236
Prost-AdenoCA_sim83	T>G	66	0.030359
Prost-AdenoCA_sim83	G>T	160	0.073597
Prost-AdenoCA_sim83	C>A	155	0.071297
Prost-AdenoCA_sim83	A>C	69	0.031739
Prost-AdenoCA_sim84	C>T	740	0.176065
Prost-AdenoCA_sim84	C>G	150	0.035689
Prost-AdenoCA_sim84	T>A	252	0.059957
Prost-AdenoCA_sim84	G>A	757	0.180109
Prost-AdenoCA_sim84	T>C	387	0.092077
Prost-AdenoCA_sim84	G>C	218	0.051868
Prost-AdenoCA_sim84	A>T	231	0.054961
Prost-AdenoCA_sim84	A>G	390	0.092791
Prost-AdenoCA_sim84	T>G	169	0.040209
Prost-AdenoCA_sim84	G>T	403	0.095884
Prost-AdenoCA_sim84	C>A	366	0.087081
Prost-AdenoCA_sim84	A>C	140	0.033310
Prost-AdenoCA_sim85	C>T	642	0.202844
Prost-AdenoCA_sim85	C>G	104	0.032859
Prost-AdenoCA_sim85	T>A	181	0.057188
Prost-AdenoCA_sim85	G>A	680	0.214850
Prost-AdenoCA_sim85	T>C	277	0.087520
Prost-AdenoCA_sim85	G>C	133	0.042022
Prost-AdenoCA_sim85	A>T	190	0.060032
Prost-AdenoCA_sim85	A>G	281	0.088784
Prost-AdenoCA_sim85	T>G	116	0.036651
Prost-AdenoCA_sim85	G>T	258	0.081517
Prost-AdenoCA_sim85	C>A	191	0.060348
Prost-AdenoCA_sim85	A>C	112	0.035387
Prost-AdenoCA_sim86	C>T	452	0.203237
Prost-AdenoCA_sim86	C>G	84	0.037770
Prost-AdenoCA_sim86	T>A	111	0.049910
Prost-AdenoCA_sim86	G>A	478	0.214928
Prost-AdenoCA_sim86	T>C	226	0.101619
Prost-AdenoCA_sim86	G>C	92	0.041367
Prost-AdenoCA_sim86	A>T	126	0.056655
Prost-AdenoCA_sim86	A>G	211	0.094874
Prost-AdenoCA_sim86	T>G	57	0.025629
Prost-AdenoCA_sim86	G>T	146	0.065647
Prost-AdenoCA_sim86	C>A	173	0.077788
Prost-AdenoCA_sim86	A>C	68	0.030576
Prost-AdenoCA_sim87	C>T	598	0.162191
Prost-AdenoCA_sim87	C>G	161	0.043667
Prost-AdenoCA_sim87	T>A	242	0.065636
Prost-AdenoCA_sim87	G>A	671	0.181991
Prost-AdenoCA_sim87	T>C	340	0.092216
Prost-AdenoCA_sim87	G>C	174	0.047193
Prost-AdenoCA_sim87	A>T	209	0.056686
Prost-AdenoCA_sim87	A>G	362	0.098183
Prost-AdenoCA_sim87	T>G	132	0.035801
Prost-AdenoCA_sim87	G>T	345	0.093572
Prost-AdenoCA_sim87	C>A	307	0.083266
Prost-AdenoCA_sim87	A>C	146	0.039599
Prost-AdenoCA_sim88	C>T	701	0.120779
Prost-AdenoCA_sim88	C>G	173	0.029807
Prost-AdenoCA_sim88	T>A	274	0.047209
Prost-AdenoCA_sim88	G>A	752	0.129566
Prost-AdenoCA_sim88	T>C	995	0.171433
Prost-AdenoCA_sim88	G>C	255	0.043935
Prost-AdenoCA_sim88	A>T	274	0.047209
Prost-AdenoCA_sim88	A>G	1006	0.173329
Prost-AdenoCA_sim88	T>G	296	0.050999
Prost-AdenoCA_sim88	G>T	386	0.066506
Prost-AdenoCA_sim88	C>A	329	0.056685
Prost-AdenoCA_sim88	A>C	363	0.062543
Prost-AdenoCA_sim89	C>T	655	0.215673
Prost-AdenoCA_sim89	C>G	119	0.039183
Prost-AdenoCA_sim89	T>A	156	0.051366
Prost-AdenoCA_sim89	G>A	635	0.209088
Prost-AdenoCA_sim89	T>C	306	0.100757
Prost-AdenoCA_sim89	G>C	113	0.037208
Prost-AdenoCA_sim89	A>T	172	0.056635
Prost-AdenoCA_sim89	A>G	310	0.102074
Prost-AdenoCA_sim89	T>G	75	0.024695
Prost-AdenoCA_sim89	G>T	201	0.066184
Prost-AdenoCA_sim89	C>A	212	0.069806
Prost-AdenoCA_sim89	A>C	83	0.027330
Prost-AdenoCA_sim8	C>T	676	0.164838
Prost-AdenoCA_sim8	C>G	156	0.038040
Prost-AdenoCA_sim8	T>A	250	0.060961
Prost-AdenoCA_sim8	G>A	755	0.184101
Prost-AdenoCA_sim8	T>C	389	0.094855
Prost-AdenoCA_sim8	G>C	183	0.044623
Prost-AdenoCA_sim8	A>T	249	0.060717
Prost-AdenoCA_sim8	A>G	369	0.089978
Prost-AdenoCA_sim8	T>G	138	0.033650
Prost-AdenoCA_sim8	G>T	393	0.095830
Prost-AdenoCA_sim8	C>A	389	0.094855
Prost-AdenoCA_sim8	A>C	154	0.037552
Prost-AdenoCA_sim90	C>T	532	0.193244
Prost-AdenoCA_sim90	C>G	99	0.035961
Prost-AdenoCA_sim90	T>A	175	0.063567
Prost-AdenoCA_sim90	G>A	539	0.195786
Prost-AdenoCA_sim90	T>C	247	0.089720
Prost-AdenoCA_sim90	G>C	129	0.046858
Prost-AdenoCA_sim90	A>T	136	0.049401
Prost-AdenoCA_sim90	A>G	243	0.088267
Prost-AdenoCA_sim90	T>G	99	0.035961
Prost-AdenoCA_sim90	G>T	240	0.087178
Prost-AdenoCA_sim90	C>A	238	0.086451
Prost-AdenoCA_sim90	A>C	76	0.027606
Prost-AdenoCA_sim91	C>T	767	0.159228
Prost-AdenoCA_sim91	C>G	209	0.043388
Prost-AdenoCA_sim91	T>A	300	0.062279
Prost-AdenoCA_sim91	G>A	818	0.169815
Prost-AdenoCA_sim91	T>C	421	0.087399
Prost-AdenoCA_sim91	G>C	262	0.054391
Prost-AdenoCA_sim91	A>T	300	0.062279
Prost-AdenoCA_sim91	A>G	385	0.079925
Prost-AdenoCA_sim91	T>G	192	0.039859
Prost-AdenoCA_sim91	G>T	500	0.103799
Prost-AdenoCA_sim91	C>A	462	0.095910
Prost-AdenoCA_sim91	A>C	201	0.041727
Prost-AdenoCA_sim92	C>T	858	0.224843
Prost-AdenoCA_sim92	C>G	132	0.034591
Prost-AdenoCA_sim92	T>A	228	0.059748
Prost-AdenoCA_sim92	G>A	778	0.203878
Prost-AdenoCA_sim92	T>C	314	0.082285
Prost-AdenoCA_sim92	G>C	164	0.042977
Prost-AdenoCA_sim92	A>T	175	0.045860
Prost-AdenoCA_sim92	A>G	326	0.085430
Prost-AdenoCA_sim92	T>G	95	0.024895
Prost-AdenoCA_sim92	G>T	315	0.082547
Prost-AdenoCA_sim92	C>A	321	0.084119
Prost-AdenoCA_sim92	A>C	110	0.028826
Prost-AdenoCA_sim93	C>T	452	0.222113
Prost-AdenoCA_sim93	C>G	55	0.027027
Prost-AdenoCA_sim93	T>A	103	0.050614
Prost-AdenoCA_sim93	G>A	573	0.281572
Prost-AdenoCA_sim93	T>C	152	0.074693
Prost-AdenoCA_sim93	G>C	71	0.034889
Prost-AdenoCA_sim93	A>T	85	0.041769
Prost-AdenoCA_sim93	A>G	149	0.073219
Prost-AdenoCA_sim93	T>G	55	0.027027
Prost-AdenoCA_sim93	G>T	141	0.069287
Prost-AdenoCA_sim93	C>A	133	0.065356
Prost-AdenoCA_sim93	A>C	66	0.032432
Prost-AdenoCA_sim94	C>T	382	0.161659
Prost-AdenoCA_sim94	C>G	87	0.036818
Prost-AdenoCA_sim94	T>A	139	0.058824
Prost-AdenoCA_sim94	G>A	431	0.182395
Prost-AdenoCA_sim94	T>C	242	0.102412
Prost-AdenoCA_sim94	G>C	111	0.046974
Prost-AdenoCA_sim94	A>T	143	0.060516
Prost-AdenoCA_sim94	A>G	228	0.096488
Prost-AdenoCA_sim94	T>G	92	0.038934
Prost-AdenoCA_sim94	G>T	200	0.084638
Prost-AdenoCA_sim94	C>A	219	0.092679
Prost-AdenoCA_sim94	A>C	89	0.037664
Prost-AdenoCA_sim95	C>T	1199	0.168021
Prost-AdenoCA_sim95	C>G	273	0.038257
Prost-AdenoCA_sim95	T>A	398	0.055774
Prost-AdenoCA_sim95	G>A	1229	0.172225
Prost-AdenoCA_sim95	T>C	693	0.097113
Prost-AdenoCA_sim95	G>C	361	0.050589
Prost-AdenoCA_sim95	A>T	421	0.058997
Prost-AdenoCA_sim95	A>G	763	0.106923
Prost-AdenoCA_sim95	T>G	262	0.036715
Prost-AdenoCA_sim95	G>T	676	0.094731
Prost-AdenoCA_sim95	C>A	595	0.083380
Prost-AdenoCA_sim95	A>C	266	0.037276
Prost-AdenoCA_sim96	C>T	487	0.201740
Prost-AdenoCA_sim96	C>G	64	0.026512
Prost-AdenoCA_sim96	T>A	144	0.059652
Prost-AdenoCA_sim96	G>A	546	0.226181
Prost-AdenoCA_sim96	T>C	207	0.085750
Prost-AdenoCA_sim96	G>C	87	0.036040
Prost-AdenoCA_sim96	A>T	122	0.050539
Prost-AdenoCA_sim96	A>G	214	0.088650
Prost-AdenoCA_sim96	T>G	85	0.035211
Prost-AdenoCA_sim96	G>T	178	0.073737
Prost-AdenoCA_sim96	C>A	214	0.088650
Prost-AdenoCA_sim96	A>C	66	0.027341
Prost-AdenoCA_sim97	C>T	632	0.168578
Prost-AdenoCA_sim97	C>G	135	0.036010
Prost-AdenoCA_sim97	T>A	229	0.061083
Prost-AdenoCA_sim97	G>A	691	0.184316
Prost-AdenoCA_sim97	T>C	389	0.103761
Prost-AdenoCA_sim97	G>C	161	0.042945
Prost-AdenoCA_sim97	A>T	229	0.061083
Prost-AdenoCA_sim97	A>G	346	0.092291
Prost-AdenoCA_sim97	T>G	107	0.028541
Prost-AdenoCA_sim97	G>T	367	0.097893
Prost-AdenoCA_sim97	C>A	317	0.084556
Prost-AdenoCA_sim97	A>C	146	0.038944
Prost-AdenoCA_sim98	C>T	652	0.113688
Prost-AdenoCA_sim98	C>G	194	0.033827
Prost-AdenoCA_sim98	T>A	298	0.051962
Prost-AdenoCA_sim98	G>A	719	0.125371
Prost-AdenoCA_sim98	T>C	948	0.165301
Prost-AdenoCA_sim98	G>C	265	0.046207
Prost-AdenoCA_sim98	A>T	274	0.047777
Prost-AdenoCA_sim98	A>G	926	0.161465
Prost-AdenoCA_sim98	T>G	307	0.053531
Prost-AdenoCA_sim98	G>T	410	0.071491
Prost-AdenoCA_sim98	C>A	373	0.065039
Prost-AdenoCA_sim98	A>C	369	0.064342
Prost-AdenoCA_sim99	C>T	473	0.169717
Prost-AdenoCA_sim99	C>G	104	0.037316
Prost-AdenoCA_sim99	T>A	186	0.066738
Prost-AdenoCA_sim99	G>A	479	0.171869
Prost-AdenoCA_sim99	T>C	257	0.092214
Prost-AdenoCA_sim99	G>C	139	0.049874
Prost-AdenoCA_sim99	A>T	172	0.061715
Prost-AdenoCA_sim99	A>G	240	0.086114
Prost-AdenoCA_sim99	T>G	111	0.039828
Prost-AdenoCA_sim99	G>T	280	0.100466
Prost-AdenoCA_sim99	C>A	238	0.085396
Prost-AdenoCA_sim99	A>C	108	0.038751
Prost-AdenoCA_sim9	C>T	769	0.126877
Prost-AdenoCA_sim9	C>G	174	0.028708
Prost-AdenoCA_sim9	T>A	265	0.043722
Prost-AdenoCA_sim9	G>A	763	0.125887
Prost-AdenoCA_sim9	T>C	1093	0.180333
Prost-AdenoCA_sim9	G>C	255	0.042072
Prost-AdenoCA_sim9	A>T	273	0.045042
Prost-AdenoCA_sim9	A>G	1111	0.183303
Prost-AdenoCA_sim9	T>G	342	0.056426
Prost-AdenoCA_sim9	G>T	341	0.056261
Prost-AdenoCA_sim9	C>A	309	0.050982
Prost-AdenoCA_sim9	A>C	366	0.060386
